-- phpMyAdmin SQL Dump
-- version 5.2.1
-- https://www.phpmyadmin.net/
--
-- Hôte : 127.0.0.1:3306
-- Généré le : mar. 17 sep. 2024 à 14:59
-- Version du serveur : 8.3.0
-- Version de PHP : 8.2.18

SET SQL_MODE = "NO_AUTO_VALUE_ON_ZERO";
START TRANSACTION;
SET time_zone = "+00:00";


/*!40101 SET @OLD_CHARACTER_SET_CLIENT=@@CHARACTER_SET_CLIENT */;
/*!40101 SET @OLD_CHARACTER_SET_RESULTS=@@CHARACTER_SET_RESULTS */;
/*!40101 SET @OLD_COLLATION_CONNECTION=@@COLLATION_CONNECTION */;
/*!40101 SET NAMES utf8mb4 */;

--
-- Base de données : `naturalpark`
--

-- --------------------------------------------------------

--
-- Structure de la table `campsite`
--

DROP TABLE IF EXISTS `campsite`;
CREATE TABLE IF NOT EXISTS `campsite` (
  `campsite_id` int NOT NULL AUTO_INCREMENT,
  `name` varchar(255) COLLATE utf8mb4_unicode_ci DEFAULT NULL,
  `description` text COLLATE utf8mb4_unicode_ci,
  `address` varchar(255) COLLATE utf8mb4_unicode_ci DEFAULT NULL,
  `city` varchar(100) COLLATE utf8mb4_unicode_ci DEFAULT NULL,
  `zipcode` int DEFAULT NULL,
  `image` varchar(255) COLLATE utf8mb4_unicode_ci DEFAULT NULL,
  `status` varchar(100) COLLATE utf8mb4_unicode_ci DEFAULT NULL,
  PRIMARY KEY (`campsite_id`)
) ENGINE=InnoDB AUTO_INCREMENT=6 DEFAULT CHARSET=utf8mb4 COLLATE=utf8mb4_unicode_ci;

--
-- Déchargement des données de la table `campsite`
--

INSERT INTO `campsite` (`campsite_id`, `name`, `description`, `address`, `city`, `zipcode`, `image`, `status`) VALUES
(1, 'Camping Les Cigales', 'Le Camping Les Cigales est un camping familial situé à proximité immédiate des calanques de Cassis. Avec un accès facile aux plages et aux sentiers de randonnée du Parc National des Calanques, il est l\'endroit idéal pour les amateurs de nature et d\'activités en plein air. Ce camping propose une ambiance conviviale et dispose de nombreuses commodités, dont une piscine, un restaurant, et des emplacements ombragés.', 'Avenue des Albizzi', 'Cassis', 13260, 'assets/img/campsites/cigales.png', 'Ouvert'),
(2, 'Camping de Ceyreste', 'Le Camping de Ceyreste est situé sur les hauteurs de La Ciotat, offrant des vues magnifiques sur la mer et un accès rapide aux calanques environnantes, telles que celles de Figuerolles et du Mugel. Ce camping dispose de nombreuses installations, comme une piscine, un terrain de sport et des espaces verts, et est particulièrement apprécié des familles et des randonneurs.', 'Avenue Eugène Julien', 'Ceyreste', 13600, 'assets/img/campsites/ceyreste.png', 'Ouvert'),
(3, 'Camping La Baie des Anges', 'Le Camping La Baie des Anges est un camping 4 étoiles situé à La Ciotat, à quelques minutes en voiture des célèbres calanques de la région. Le camping propose des emplacements spacieux, des hébergements modernes, ainsi qu\'un parc aquatique et des activités pour toute la famille. C\'est un excellent point de départ pour explorer les calanques de La Ciotat et celles plus à l\'ouest.', 'Chemin des Plaines Barronnes', 'La Ciotat', 13600, 'assets/img/campsites/baie-anges.png', 'Ouvert'),
(4, 'Camping Les Tamaris', 'Le Camping Les Tamaris est un charmant camping situé à La Ciotat, proche des plages et des calanques environnantes. Ce camping familial offre des emplacements confortables ainsi qu\'un cadre verdoyant, parfait pour ceux qui souhaitent explorer les richesses naturelles de la région tout en profitant d\'un séjour tranquille au bord de la mer.', 'Avenue de la Tramontane', 'La Ciotat', 13600, 'assets/img/campsites/tamaris.png', 'Ouvert'),
(5, 'Camping Les Flots Bleus', 'Le Camping Les Flots Bleus, situé à La Ciotat, est un camping familial proche des plages et des calanques. Ce camping est réputé pour son ambiance conviviale et sa proximité avec les calanques de Figuerolles et du Mugel. Les Flots Bleus offre des emplacements ombragés et des mobil-homes tout équipés, parfaits pour un séjour en pleine nature. Idéal pour les familles et les amateurs de sports nautiques, ce camping propose également diverses activités et services pour rendre le séjour agréable.', 'Avenue des Calanques', 'La Ciotat', 13600, 'assets/img/campsites/flot-bleu.png', 'Ouvert');

-- --------------------------------------------------------

--
-- Structure de la table `coves`
--

DROP TABLE IF EXISTS `coves`;
CREATE TABLE IF NOT EXISTS `coves` (
  `cove_id` int NOT NULL AUTO_INCREMENT,
  `name` varchar(255) COLLATE utf8mb4_unicode_ci DEFAULT NULL,
  `description` text COLLATE utf8mb4_unicode_ci,
  `location` varchar(255) COLLATE utf8mb4_unicode_ci DEFAULT NULL,
  `image` varchar(255) COLLATE utf8mb4_unicode_ci DEFAULT NULL,
  PRIMARY KEY (`cove_id`)
) ENGINE=InnoDB AUTO_INCREMENT=12 DEFAULT CHARSET=utf8mb4 COLLATE=utf8mb4_unicode_ci;

--
-- Déchargement des données de la table `coves`
--

INSERT INTO `coves` (`cove_id`, `name`, `description`, `location`, `image`) VALUES
(1, 'Calanque de Sormiou', 'La Calanque de Sormiou est l\'une des plus vastes et populaires parmi les calanques de Marseille. Située à quelques kilomètres du centre-ville, elle est accessible par un chemin escarpé offrant des vues spectaculaires sur la Méditerranée. Sormiou est réputée pour ses eaux cristallines, d\'un bleu intense, ainsi que pour sa plage de sable fin qui en fait une destination idéale pour la baignade, la plongée sous-marine et le farniente. Les amateurs de randonnée y trouveront également leur bonheur grâce aux sentiers qui traversent des paysages sauvages de falaises calcaires et de végétation méditerranéenne.\n\nLe village de pêcheurs, avec ses cabanons typiques, ajoute un charme pittoresque à cette calanque. L\'accès en voiture est limité durant la période estivale pour préserver ce site naturel exceptionnel. Le calme et la beauté du lieu attirent aussi bien les familles que les sportifs, notamment les plongeurs et les grimpeurs. Sormiou est un véritable joyau naturel, combinant à la fois détente et aventure, tout en restant un exemple de préservation de l\'environnement dans le Parc National des Calanques.', 'Marseille', 'assets/img/coves/sormiou.png'),
(2, 'Calanque de Morgiou', 'La Calanque de Morgiou est une véritable perle de la côte marseillaise, nichée entre des falaises impressionnantes et des eaux cristallines. Accessible à pied depuis Luminy ou en voiture par une route sinueuse, cette calanque abrite un petit port de pêcheurs pittoresque où les bateaux colorés flottent paisiblement. Morgiou est également connue pour sa beauté sauvage, avec ses eaux d’un bleu profond, propices à la plongée sous-marine et à l\'exploration des fonds marins. L\'atmosphère calme et préservée de ce site en fait une destination prisée des amateurs de nature.\n\nMorgiou est aussi célèbre pour la grotte Cosquer, une grotte sous-marine renfermant des peintures préhistoriques, bien qu’inaccessible au grand public. Entourée de falaises vertigineuses, la calanque offre des sentiers de randonnée spectaculaires qui permettent de contempler des panoramas à couper le souffle sur la mer Méditerranée. Ce lieu de pêche historique continue d’attirer les passionnés de la mer tout en offrant aux visiteurs un havre de paix loin de l’agitation urbaine.', 'Marseille', 'assets/img/coves/morgiou.png'),
(3, 'Calanque de Sugiton', 'La Calanque de Sugiton, bien que relativement petite, est l\'une des plus fréquentées et appréciées de la région marseillaise. Nichée entre des falaises abruptes et des eaux d\'une clarté exceptionnelle, elle attire les amateurs de nature, les randonneurs et les baigneurs à la recherche d\'un cadre préservé. Accessible uniquement à pied depuis le campus de Luminy, le sentier qui y mène offre un panorama impressionnant sur la mer Méditerranée et traverse une végétation typiquement méditerranéenne, où se mêlent pins et arbustes parfumés. Sugiton, avec ses formations rocheuses uniques, est un lieu idéal pour les amateurs de plongée sous-marine, qui peuvent y explorer des fonds marins particulièrement riches et variés.\n\nCe qui distingue Sugiton des autres calanques, c\'est la présence de son célèbre rocher appelé \"Le Toréador\". Ce bloc imposant, planté en plein milieu des eaux, constitue un repère emblématique et un spot de plongée très prisé. Malgré sa petite taille, la calanque offre plusieurs recoins tranquilles où les visiteurs peuvent s\'installer pour profiter de l\'ombre des falaises ou se laisser bercer par le doux bruit des vagues. Moins fréquentée que d\'autres grandes calanques comme Sormiou ou Morgiou, Sugiton séduit par son côté sauvage et paisible, offrant un véritable moment de déconnexion en pleine nature.\n\nLa descente vers la calanque, bien que parfois escarpée, fait partie intégrante de l\'expérience. Une fois arrivé, la vue imprenable sur les eaux turquoises, les falaises calcaires et le Toréador font rapidement oublier l\'effort fourni. Sugiton est un joyau caché au cœur du Parc National des Calanques, un lieu où la nature impose sa beauté brute et où les visiteurs peuvent se ressourcer dans un cadre exceptionnellement bien préservé.', 'Marseille', 'assets/img/coves/sugiton.png'),
(4, 'Calanque d\'En-Vau', 'La Calanque d’En-Vau est souvent considérée comme la plus spectaculaire et impressionnante des calanques de Marseille. Enfermée entre deux hautes falaises calcaires vertigineuses, elle dévoile des eaux d’un bleu intense qui attirent les amateurs de baignade et de snorkeling. Ce joyau naturel est accessible par un sentier de randonnée escarpé, ce qui en fait une destination prisée des randonneurs les plus aguerris. L\'effort pour y parvenir est largement récompensé par la beauté du paysage à l’arrivée. Les falaises abruptes qui encadrent la calanque sont également très prisées par les grimpeurs qui s\'attaquent aux parois rocheuses pour profiter de vues imprenables sur la Méditerranée.\r\n\r\nAvec son cadre sauvage et préservé, En-Vau offre un sentiment de tranquillité et d\'isolement unique. Bien que difficilement accessible, elle est également visitée par des bateaux qui permettent d’approcher cette merveille naturelle depuis la mer. Les plages de galets qui bordent ses eaux cristallines offrent un lieu parfait pour se ressourcer et profiter du calme. En-Vau incarne la quintessence des calanques marseillaises : une combinaison de nature sauvage, de mer turquoise et de falaises majestueuses, dans un environnement encore relativement préservé.', 'Marseille', 'assets/img/coves/envau.png'),
(5, 'Calanque de Port-Pin', 'La Calanque de Port-Pin est une petite merveille naturelle nichée entre les falaises blanches du massif des Calanques, proche de Cassis. Accessible à pied depuis la calanque de Port-Miou ou directement depuis Cassis, cette calanque est célèbre pour ses eaux turquoise et ses pins qui bordent le littoral, lui donnant son nom. Elle est idéale pour la baignade, avec ses plages de galets et son cadre ombragé, parfait pour une journée en famille. Port-Pin est l\'une des calanques les plus accessibles, ce qui en fait une destination populaire, mais elle parvient à conserver son charme authentique.\n\nLes sentiers environnants offrent de belles randonnées pour les amoureux de la nature, avec des panoramas incroyables sur la mer Méditerranée. Malgré sa petite taille, elle attire de nombreux visiteurs grâce à son ambiance paisible et ses eaux claires, parfaites pour le snorkeling et la détente. Port-Pin est un lieu où se mêlent aventure et sérénité, dans un décor naturel préservé et typique des calanques marseillaises.', 'Marseille', 'assets/img/coves/port-pin.png'),
(6, 'Calanque de Port-Miou', 'La Calanque de Port-Miou, située à proximité de Cassis, est la plus longue des calanques et se distingue par son port naturel où sont amarrés de nombreux bateaux de plaisance. Bien qu\'elle soit moins adaptée à la baignade en raison de l\'activité portuaire, Port-Miou est un point de départ idéal pour explorer les autres calanques à pied ou en bateau. Ce site abrite également les vestiges d\'une ancienne carrière de calcaire, dont les traces sont encore visibles sur les parois rocheuses.\n\nEntourée de pins et de falaises blanches, Port-Miou est le début du sentier qui mène aux calanques de Port-Pin et d’En-Vau. Avec ses eaux calmes et son cadre verdoyant, elle offre un havre de paix pour les plaisanciers tout en étant un point stratégique pour les randonneurs et les visiteurs en quête de nature. Son accès facile et son charme particulier en font une étape incontournable lors de la visite des calanques de Cassis.', 'Marseille', 'assets/img/coves/port-miou.png'),
(7, 'Calanque de Marseilleveyre', 'La Calanque de Marseilleveyre est un petit coin de paradis sauvage, situé à quelques kilomètres de la ville de Marseille. Accessible à pied depuis Callelongue, cette calanque est appréciée pour son ambiance authentique et isolée. C’est l\'une des calanques les plus reculées et difficiles d\'accès, mais sa tranquillité en fait une destination prisée pour ceux qui recherchent un refuge loin de l’agitation urbaine. Marseilleveyre est entourée de montagnes calcaires et de sentiers de randonnée qui offrent des vues spectaculaires sur la côte méditerranéenne. La plage de galets est petite mais charmante, avec des eaux transparentes parfaites pour la baignade et le snorkeling.\n\nCette calanque est également connue pour abriter quelques cabanons traditionnels marseillais, donnant au lieu un caractère pittoresque et hors du temps. Le cadre est particulièrement sauvage, et peu fréquenté par les touristes, ce qui permet aux visiteurs de se reconnecter avec la nature. Les sentiers qui mènent à la calanque offrent des panoramas à couper le souffle sur les autres calanques, la mer et les montagnes environnantes, faisant de Marseilleveyre un point de départ idéal pour des randonnées vers d\'autres criques cachées.', 'Marseille', 'assets/img/coves/marseilleveyre.png'),
(8, 'Calanque de Callelongue', 'La Calanque de Callelongue est la première calanque accessible depuis Marseille, marquant l\'entrée dans le Parc National des Calanques. C\'est un petit port de pêche pittoresque, bordé de cabanons typiques et entouré de rochers calcaires. Callelongue est un lieu chargé d\'histoire, à la fois sauvage et accueillant, avec une atmosphère unique où le temps semble s’être arrêté. L\'accès se fait facilement en voiture ou en transport en commun depuis Marseille, ce qui en fait une destination prisée pour une première immersion dans les calanques. Son port abrite quelques bateaux de pêche, et le lieu est connu pour ses petites plages de galets et ses criques abritées.\n\nCallelongue est également le point de départ de plusieurs sentiers de randonnée menant vers les calanques plus reculées, comme Marseilleveyre ou les falaises de l’Escu. C’est une destination idéale pour les promeneurs, les familles ou les amoureux de la mer qui souhaitent découvrir un cadre naturel sans trop s’éloigner de la ville. Bien que ses eaux soient un peu plus agitées que dans d’autres calanques, elle offre tout de même la possibilité de se baigner et de profiter d’un décor naturel exceptionnel.', 'Marseille', 'assets/img/coves/callelongue.png'),
(9, 'Calanque de Saint-Estève', 'La Calanque de Saint-Estève est l\'une des plus belles plages de l\'archipel du Frioul, accessible en bateau depuis le Vieux-Port de Marseille. Située sur l\'île de Ratonneau, cette calanque offre un cadre paradisiaque avec ses eaux cristallines, son sable fin et ses falaises calcaires. Très prisée par les habitants de Marseille comme par les touristes, elle est un véritable havre de paix loin de l\'agitation de la ville. Bien que relativement petite, sa plage de galets et de sable attire de nombreux visiteurs pour la baignade et le snorkeling, grâce à ses fonds marins riches en biodiversité.\n\nEntourée de falaises et de végétation méditerranéenne, Saint-Estève est également un point de départ idéal pour explorer les sentiers de randonnée de l\'île. Cette calanque, abritée et bien préservée, est facilement accessible à pied depuis le port de l\'île. Le calme et la beauté naturelle de Saint-Estève en font une étape incontournable pour les visiteurs de l\'archipel du Frioul, où la nature se mêle harmonieusement à l\'histoire maritime de Marseille.', 'Marseille', 'assets/img/coves/saint-esteve.png'),
(10, 'Calanque de Figuerolles', 'Située à La Ciotat, la Calanque de Figuerolles est un véritable joyau naturel encastré dans le massif du Bec de l\'Aigle. Cette calanque se distingue par ses formations rocheuses de poudingue, qui donnent à l\'endroit une allure unique et impressionnante. Les falaises abruptes qui l\'entourent plongent directement dans des eaux claires, offrant un cadre idéal pour la baignade et le snorkeling. Figuerolles, avec sa petite plage de galets et ses criques sauvages, est un havre de tranquillité, bien moins fréquenté que d\'autres calanques de la région.\n\nAccessible à pied par un sentier depuis La Ciotat, elle offre également un panorama exceptionnel sur la baie et ses environs. C\'est un lieu prisé des randonneurs, mais aussi des amateurs de photographie, tant ses couleurs et ses paysages sont uniques. Malgré sa taille modeste, la calanque de Figuerolles séduit par son charme atypique et son ambiance paisible, idéale pour ceux qui recherchent un endroit calme et préservé loin de l\'agitation touristique.', 'La Ciotat', 'assets/img/coves/figuerolles.png'),
(11, 'Calanque de l’Oule', 'La Calanque de l’Oule est l\'une des calanques les plus sauvages et inaccessibles du Parc National des Calanques. Nichée entre les célèbres calanques d\'En-Vau et de Devenson, elle est entourée de falaises abruptes et imposantes qui lui confèrent un aspect à la fois mystérieux et spectaculaire. L\'accès à l\'Oule se fait uniquement par des sentiers de randonnée escarpés, ce qui en fait une destination réservée aux marcheurs expérimentés ou aux grimpeurs. Son isolement contribue à son caractère préservé, loin de l\'agitation des autres calanques plus fréquentées.\n\nLes eaux cristallines de l’Oule sont d\'un bleu profond, offrant un cadre parfait pour les amateurs de nature sauvage. Ce site est également un lieu de prédilection pour l\'escalade, avec des falaises réputées pour leurs voies difficiles. Les visiteurs qui parviennent à atteindre cette calanque sont récompensés par un sentiment de calme absolu et des panoramas à couper le souffle sur la Méditerranée. L’Oule incarne la beauté brute et authentique des calanques, idéale pour les aventuriers à la recherche de solitude et de paysages grandioses.', 'Marseille', 'assets/img/coves/loule.png');

-- --------------------------------------------------------

--
-- Structure de la table `landmarks`
--

DROP TABLE IF EXISTS `landmarks`;
CREATE TABLE IF NOT EXISTS `landmarks` (
  `landmark_id` int NOT NULL AUTO_INCREMENT,
  `name` varchar(255) COLLATE utf8mb4_unicode_ci DEFAULT NULL,
  `description` text COLLATE utf8mb4_unicode_ci,
  `location` varchar(255) COLLATE utf8mb4_unicode_ci DEFAULT NULL,
  `image` varchar(255) COLLATE utf8mb4_unicode_ci DEFAULT NULL,
  PRIMARY KEY (`landmark_id`)
) ENGINE=InnoDB AUTO_INCREMENT=15 DEFAULT CHARSET=utf8mb4 COLLATE=utf8mb4_unicode_ci;

--
-- Déchargement des données de la table `landmarks`
--

INSERT INTO `landmarks` (`landmark_id`, `name`, `description`, `location`, `image`) VALUES
(1, 'Le fort de Ratonneau', 'Le fort de Ratonneau, qui domine l’île du même nom, est un véritable mille-feuille de constructions militaires successives. Offrant une vue à 360° sur le Frioul et Marseille, sa position stratégique a souvent été convoitée et lui a valu d’être remanié à de nombreuses reprises !\n\nLe fort d’Henry IV\nC’est tout d’abord Henri IV qui ordonne en 1598 l’établissement d’un fort sur l’île, afin de protéger la rade et le port de Marseille qu’il juge trop exposés. Le fort est alors composé de quatre niveaux, dont un donjon hexagonal, deux fours à pains et deux citernes de 360 000 litres d’eau pour subvenir aux besoins de 200 soldats environ.\n\nD’importants remaniements au XIXe siècle\nAvec l’avènement du canon rayé au XIXe siècle, dont la portée dépasse largement les canons utilisés jusqu’alors, le fort de Ratonneau est entièrement repensé. Ainsi, entre 1883 et 1890, le fort est reconverti en quatre batteries.\n\nLes deux niveaux les plus élevés sont rasés puisque trop susceptibles d’être exposés aux tirs ennemis. Des abris à munitions enterrés sont également construits.\n\nSous l’occupation allemande\nInchangé pendant la Première Guerre mondiale, le fort subit d’autres modifications sous l’occupation allemande : construction de quatre blockhaus pour canons de 240 mm, creusement dans les batteries françaises pour créer des abris, des soutes, construction de voies ferrées et d’un système de treuil pour hisser les matériaux et l’armement sur le fort. Le chantier n’était cependant pas terminé lors de la Libération.\n\nLes mystérieuses « croix » de Ratonneau\nCertaines constructions donnent au site une aura mystérieuse. Comme ces structures en forme de croix qui font croire de loin qu’un cimetière se trouve au sommet du fort. Il s’agit en réalité de l’ossature d’un bunker allemand dont la construction a été stoppée à la Libération.\n\nLe saviez-vous ?\nL’isolement des soldats sur les îles du Frioul pouvait parfois les rendre fous ! C’est le cas du soldat Jean Gourin, dit « Francœur », qui en 1765, s’autoproclame « roi de Ratonneau » et se met à tirer au canon sur ses collègues partis à l’avitaillement. Il fallut attendre que la fatigue vienne à bout du bougre, au terme de deux nuits d’échange de tirs, avant de pouvoir le maîtriser.', 'Bateau Frioul-If à partir du Vieux-Port. L’accès nécessite 10 minutes de marche depuis le port.', 'assets/img/landmarks/fort-ratonneau.png'),
(2, 'L\'hôpital Caroline', 'L’imposante bâtisse, bien visible depuis la mer, interpelle les visiteurs qui découvrent les îles du Frioul. Ce symbole du patrimoine marseillais à l’allure mystérieuse est un ancien hôpital, construit à l’écart de la ville pour empêcher la propagation des épidémies.\n\nAux origines de l’hôpital Caroline\nLe Frioul a une longue histoire sanitaire derrière lui. Dès le XVIe siècle, l\'anse naturelle de Pomègues sert de zone officielle de quarantaine pour les navires en provenance de l’étranger, afin de prévenir la propagation des maladies. Vers 1820, une terrible épidémie de fièvre jaune sévit dans les ports de Méditerranée. L’État décide alors de moderniser ses équipements. Outre la construction d’un véritable port de quarantaine, il ordonne la construction d’un hôpital destiné à accueillir les malades.\n\nLe caractère urgent de la menace épidémique aboutit à la rapide acceptation du projet architectural de Michel-Robert Penchaud sur un promontoire de l’île de Ratonneau. La construction est onéreuse. Le projet rencontre des difficultés, de sorte que l’hôpital n’est prêt qu\'après huit ans de travaux.\n\nUne architecture innovante pour une vie de reclus\nInauguré en 1828, l’hôpital Caroline est un parfait exemple du style néo-classique. Son architecture est novatrice. La conception de l’hôpital répond à trois critères imposés par la commission ministérielle de l’époque : l\'isolement, la surveillance et l\'aération optimale.\n\nL\'hôpital est alors capable d’accueillir 48 malades et 24 convalescents. Avec quatre pavillons répartis autour d’une cour intérieure, tout est pensé pour isoler les pensionnaires contaminés de ceux en convalescence et du personnel. Afin d’éviter les contacts, une chapelle est même édifiée au centre de la cour. De style hellénistique, elle est surélevée et entièrement vitrée de façon à ce que les patients puissent suivre la messe sans sortir de leur lit.\n\nL’hôpital du vent\nOuvert aux quatre vents, le pavillon des malades rappelle la pensée hygiéniste du XIXe siècle. On pensait à cette époque que le vent avait des vertus curatives, emportant au loin les miasmes infectés. Quand on connaît la force à laquelle le vent peut souffler sur l’archipel du Frioul, on imagine que les patients devaient avoir bien froid !\n\nUne histoire mouvementée\nFinalement, la fièvre jaune ne frappa jamais Marseille ! L’hôpital accueillit néanmoins des patients, notamment après le transfert au Frioul des malades du lazaret d’Arenc en 1850. Désormais appelé hôpital Ratonneau, on le réaménage pour qu’il puisse accueillir des quarantenaires. La partie dédiée à l’hospitalisation est alors réduite à vingt lits. L’armée réquisitionna également les lieux pour soigner les soldats malades : plus de 700 soldats seront soignés à l’hôpital Ratonneau.\n\nOutre l’accueil des militaires, l’hôpital n’est pratiquement pas utilisé pour sa fonction première. Jugé trop austère et trop éloigné, aucun médecin ne veut y travailler à temps plein. En 1900, 35 malades de la peste sont hospitalisés à Ratonneau.\n\nL’hôpital reste en service jusqu’en 1941, puis devient un dépôt de munitions pour l’armée allemande. Bombardé par les Alliés en 1944, il reste à l’abandon jusqu’à son acquisition par la Ville de Marseille dans les années 1970. Il est inscrit aux monuments historiques par arrêté du 5 août 1980.\n\nLe saviez-vous ?\nL’hôpital Caroline tient son nom de Marie-Caroline de Bourbon-Siciles, duchesse de Berry : alors qu’elle voyageait vers la France pour épouser le duc de Berry, second fils du roi Charles X, elle séjourna en quarantaine au lazaret d’Arenc à Marseille. Cinq ans plus tard, son mari fut assassiné. Par hommage, le prénom de la duchesse est donné à l’hôpital, et le nom du duc, à la digue qui relie les deux îles.', 'Bateau Frioul-If à partir du Vieux-Port.', 'assets/img/landmarks/hopital-caroline.png'),
(3, 'Massif de Marseilleveyre', 'Imposant sa présence au-dessus de la cité phocéenne, Marseilleveyre fascine par ses beautés et ses mystères. Une riche biodiversité se déploie dans ce territoire multiple et contrasté. Propice à la randonnée, c’est aussi un exceptionnel balcon paysager sur la ville, les îles et la mer.\r\n    \r\n    Voir Marseille…\r\n    Culminant à 432 mètres, le massif de Marseilleveyre couronne la ville et sa baie, et offre des vues panoramiques sur le Parc national des Calanques et sur l’agglomération phocéenne. Son nom signifie d’ailleurs « voir Marseille », de même que le Béouveyre, second sommet du massif, est la version provençale du « belvédère ». Frédéric Mistral penche pour une autre explication : Marseilleveyre serait « la vieille Marseille », en référence à la fontaine de Voire, lieu mythique de la fondation de la ville.\r\n    \r\n    Le massif a beau côtoyer les zones urbanisées, il offre un environnement naturel somptueux. Le visiteur est plongé dans une sérénité typique des collines provençales, à laquelle s’ajoute l’ambiance particulière des bords de mer. Marseilleveyre est un monde à lui tout seul. D’une incomparable richesse paysagère, écologique et culturelle, sa diversité naturelle n’a d’égale que son importance dans l’histoire des hommes.\r\n    \r\n    Une exceptionnelle diversité paysagère\r\n    La limite nord du massif se matérialise par une frange ville-nature, où se succèdent la campagne Pastré, le parc du Roy d’Espagne, le quartier de la Cayolle et le hameau des Baumettes. À l’est, à l’emplacement du domaine de Luminy, Marseilleveyre rejoint le mont Puget : la rencontre entre ces deux formations rocheuses, particulièrement spectaculaire, a lieu à Sugiton. Marseilleveyre et Puget constituent avec les sommets de l\'Estret et de la Gardiole ce qu’on appelle le « massif des Calanques ».\r\n    \r\n    À l’ouest et au sud s’étend la bordure littorale, avec plusieurs calanques, depuis le mont Rose jusqu’à Morgiou. L’intérieur du massif prend différentes formes : lames et rochers des Goudes et de Saint-Michel au-dessus de Callelongue, plateau de l’Homme mort, faille de la fontaine de Voire, vallon sableux de la Jarre…\r\n    \r\n    L’ensemble forme une topographie tourmentée, composée de crêtes, barres rocheuses, falaises, cirques, défilés, roches percées, baumes ou grottes, avens ou gouffres… Ce chaos de pierre, couvert par endroits de garrigues et de pelouses, surplombe des vallons étroits et frais peuplés de feuillus. Marseilleveyre se distingue en effet par une remarquable variété de paysages végétaux, minéraux et littoraux, provoquant des contrastes visuels et climatiques selon l’emplacement et l’altitude.\r\n    \r\n    Une flore et une faune variées\r\n    L’exceptionnelle biodiversité de Marseilleveyre se déploie depuis la base jusqu’au sommet, présentant tous les étagements de végétation. On constate de fortes disparités. Sur le littoral, zone la plus aride de France, poussent des espèces adaptées à la sécheresse et au sel, telle l’astragale de Marseille. Au contraire, dans les vallons se développe une flore luxuriante, composée de belles chênaies vertes ou de grandes draperies de salsepareille.\r\n    \r\n    La faune n’est pas en reste avec notamment de nombreux oiseaux, comme le Grand-duc d’Europe, le circaète Jean-le-Blanc et l’aigle de Bonelli. Ce dernier a même donné son nom à la « montagne » qui surplombe le Roy d\'Espagne. On retrouve aussi plusieurs espèces de chauves-souris protégées, notamment dans la grotte Rolland.\r\n    \r\n    Une occupation humaine ancienne\r\n    Comme dans d’autres lieux du Parc national, Marseilleveyre a servi à l’industrie et à l’armée, ainsi qu’à l’agriculture et au pastoralisme : la belle ruine de bergerie visible au sommet en témoigne. C’est cette dernière activité qui a en partie donné son apparence érodée au massif.\r\n    \r\n    On pense en effet que les crêtes de Marseilleveyre étaient boisées à l’origine. C’est la conjonction de deux phénomènes, l’un naturel, lié aux changements climatiques, l’autre humain, lié notamment au surpâturage, qui a sans doute occasionné les monts pelés d’aujourd’hui. Les périodes de gel et de dégel se sont interrompues ; or le gel permet à la roche de se fracturer jusqu’à devenir de la terre. Les activités humaines, avec la consommation de bois et l’élevage d’animaux, ont conduit à la raréfaction de la végétation, empêchant à l’humus de se reconstituer. C’est pourquoi la terre, si elle est toujours présente en fond de vallon, est désormais absente en surface, sauf en quelques taches posées sur la roche, aux endroits où les pins la retiennent.\r\n    \r\n    Un site historique de randonnée\r\n    Le massif de Marseilleveyre est un remarquable terrain de jeu pour la marche, avec une multitude de sentiers balisés. Tous les niveaux de difficulté sont présents, des itinéraires relativement faciles en bord de mer, à ceux plus techniques, voire dangereux, à l’intérieur du massif. Plusieurs sentiers mènent au sommet, mais l’accès n’est pas aisé : c’est une randonnée sportive. Elle offre une vue exceptionnelle à 360 degrés qui porte loin, du cap Sicié au mont Ventoux.\r\n    \r\n    Des mythes et des arts\r\n    Marseilleveyre est à l’origine une montagne sacrée, comme en témoignent des traces d’occupation antique, comme à la fontaine de Voire. Plus proches de nous, on pense aux croix plantées au sommet du massif et à l’aiguille des Baumettes.\r\n    \r\n    En art, la peinture a révélé au monde son profil caractéristique, qui encadre la baie de Marseille peinte par Cézanne depuis l’Estaque. Il structure également la plus célèbre toile d’Émile Loubon, dominant tout le paysage. Les deux peintres rendent ainsi justice à la prestance et à la force tellurique de ce massif emblématique.\r\n    \r\n    Les collines de Marseilleveyre sont évoquées par plusieurs écrivains, dont les trois Provençaux que sont Giono, Pagnol et Izzo. Roland Dorgelès écrit dans La Drôle de guerre qu’elles « donnent au paysage un aspect africain ». Elles servent d’ailleurs de décor exotique à plusieurs films : africain dans C’est arrivée à Aden et algérien dans L\'Insoumis ! À la jonction avec le mont Puget, c’est Sugiton qui se fera passer pour l’Amérique du Sud dans Le Salaire de la peur…', 'Marseille', 'assets/img/landmarks/massif-marseilleveyre.png'),
(4, 'Les Goudes', '« On croirait arriver au fond d’une rade d’Asie Mineure » écrivait Bouyala d’Arnaud, auteur et journaliste. Accessible en navette maritime, en minibus ou en vélo, ce quartier isolé de Marseille se distingue par une ambiance villageoise et un patrimoine naturel à préserver.\n\nGoudes life, Goudes attitude\nLes Goudes ont longtemps été un fief de pêcheurs. Aujourd’hui, le port de pêche s’est transformé en port de plaisance et le profil des habitants s’est diversifié. L’esprit de village avec ses cabanons et ruelles typiques demeure cependant.\n\nLes visiteurs seront accueillis à bras ouverts par les Goudois à condition qu’ils respectent leur cadre de vie. En raison de la forte fréquentation du site et de l’incivisme de certains visiteurs, les habitants subissent malheureusement de nombreuses nuisances, au premier rang desquelles l’abandon de déchets et le stationnement sauvage. Lors de votre prochaine visite, adoptez la « Goudes attitude » : ne laissez aucun déchet derrière vous et privilégiez les transports en commun pour accéder au site !\n\nUne nature fragile dans des paysages d’exception\nLa présence d’une source aurait donné aux Goudes son nom, qui proviendrait du mot gour, qui signifie « eau » en provençal. À moins qu’il ne s’agisse des « coudes » que fait la route pour se frayer un chemin jusqu’à ce village en bord de mer.\n\nLes espaces naturels qui l’entourent abritent des trésors écologiques. La phrygane littorale et les espèces qui la composent y sont très bien représentées. Le Parc national a entrepris un important programme pour restaurer cet habitat naturel. Pour participer aux efforts de préservation, les visiteurs s’engagent à respecter scrupuleusement les zones de régénération de la végétation, et à bien rester sur les sentiers.\n\nDes ouvriers et des soldats\nJusqu’au siècle dernier, les Calanques ont connu une intense activité industrielle. Plusieurs usines de soude, de plomb et de soufre ouvrent aux Goudes entre 1804 et 1860. Certains murs d’usines ont été reconvertis pour construire des cabanons et la chapelle Saint-Lucien !\n\nD’autres ruines plus visibles sont celles des anciennes installations militaires. Le fortin des Goudes qui surplombe le village date de l’époque napoléonienne. Le blockhaus situé au sud du port a été érigé au cours de la Seconde Guerre mondiale : il était l’un des maillons du Südwall, ou mur de la Méditerranée.\n\nLes Goudes dans l’art\nLes Goudes apparaissent souvent au cinéma, de Justin de Marseille en 1935 à Chouf en 2016, en passant par Le Tueur en 1972 avec Jean Gabin. Ces films exploitent l’amplitude tragique de cette nature spectaculaire et de ces ruines militaires.\n\nL’écrivain Jean-Claude Izzo a su capter ce mélange d’ombre et de lumière, avec sa célèbre trilogie de polars marseillais. C’est aux Goudes que vit son héros, le flic déclassé Fabio Montale :\n\n« Il était plus de minuit quand j’arrivai chez moi. J’habitais en dehors de Marseille. Les Goudes. L’avant-dernier petit port avant les calanques. On longe la Corniche, jusqu’à la plage du Roucas Blanc, puis on continue en suivant la mer. La Vieille Chapelle. La Pointe Rouge. La Campagne Pastré. La Grotte Roland. Autant de quartiers comme des villages encore. Puis la Madrague de Montredon. Marseille s’arrête là. Apparemment. Une petite route sinueuse, taillée dans la roche blanche, surplombe la mer. Au bout, abrité par des collines arides, le port des Goudes. La route se termine un kilomètre plus loin. À Callelongue, impasse des Muets. Derrière, les calanques de Sormiou, Morgiou, Sugiton, En-Vau. De vraies merveilles. Comme on n’en trouve pas sur toute la côte. On ne peut y aller qu’à pied. Ou en bateau… »', 'Marseille', 'assets/img/landmarks/les-goudes.png'),
(5, 'Sémaphore de Callelongue', 'Le sémaphore de Callelongue est construit en 1863 dans le cadre d’une campagne étatique pour remplacer la vigie de Marseilleveyre, en service depuis le XVIe siècle, mais trop souvent dans la brume et rendue désuète par l’évolution des technologies de communication.\r\n\r\nL’objectif du sémaphore était double : guetter l’arrivée d’éventuels envahisseurs et assurer la communication avec les navires et les autres sémaphores.', 'Callelongue', 'assets/img/landmarks/semaphore_callelongue.png'),
(6, 'La campagne Pastré', 'Aux portes de la ville. Ce vaste parc se divise schématiquement en deux parties. Dans la partie basse est aménagé un jardin public autour de jeux d’eau. Dans la partie haute, au bout de l’allée principale, on entre dans un espace plus sauvage : le cœur du Parc national des Calanques. Il est délimité par l’extrémité sud-ouest d’une rigole (ou canal de dérivation du canal de Marseille) qui sillonne les lieux.\r\n\r\nCet immense domaine bastidaire est l’un des rares à avoir résisté quasi intégralement à l’évolution urbaine et à la promotion immobilière. Il offre aujourd’hui au public son parc de 112 hectares, dont 100 hectares d\'espaces naturels. De ses piémonts boisés partent de nombreux sentiers de randonnée à l’assaut du massif de Marseilleveyre.\r\n\r\nUne partie de campagne. Ce domaine tient son nom d’une grande famille marseillaise, les Pastré, dont cinq générations ont vécu là. Aujourd\'hui, c’est pour tous les Marseillais un important lieu de promenade, de sports de nature et de loisirs variés, qui comporte un petit parc accrobranche, un centre équestre et un théâtre. Fréquenté par de nombreux écoliers, c\'est en outre un lieu idéal pour pratiquer l’éducation à l’environnement.\r\n\r\nAvant la constitution du domaine familial, ce territoire était occupé par des cultures (vignes, céréales, oliviers, amandiers, figuiers, poiriers, abricotiers) et des pâtures. Aux animaux d\'élevage succéderont les canards et les cygnes des bassins d\'agrément pris sur le canal de Marseille. En 1827, c\'est d\'abord la girafe Zarafa qui s\'y promènera... Puis en 1861, ce sont des autruches qui écloront à Pastré, dans le cadre d\'une expérimentation menée par le jardin zoologique ! Le vallon où elles ont grandi porte désormais leur nom.\r\n\r\nDans ce coin de nature poussent les espèces habituelles de la forêt méditerranéenne : pins d\'Alep, chênes verts, lauriers-tins, ainsi que des mourvens, ou genévriers de Phénicie. C\'est sous l\'un deux que Napoléon et Désirée Clary se seraient échangés des paroles d\'amour... Avec la transformation paysagère des lieux, on y a introduit de nouvelles espèces : mimosas, pins parasols, cèdres de l\'Atlas, yuccas, bambous… À travers cette végétation luxuriante se dégagent de superbes vues sur les collines et la mer.', 'Marseille', 'assets/img/landmarks/campagne-pastre.png'),
(7, 'Le vallon de la Jarre', 'Le vallon de la Jarre se situe sur le versant nord du massif des Calanques. Il abrite sur sa partie basse des pinèdes sur sable et, sur sa partie haute, de véritables dunes. La présence de sable sur un site situé à l’intérieur du massif constitue la grande originalité du vallon de la Jarre. En effet, le sable et les dunes sont habituellement observés en bord de mer. Ce site est si atypique que René Molinier, grand naturaliste marseillais, le qualifiait « d’aberrant » !\n\nLes raisons qui expliquent la présence incongrue du sable sur cette partie du massif restent une énigme... Pour certains, le sable serait né de l’érosion de la roche dolomitique. Pour d’autres, il aurait été déposé par le mistral à des temps géologiques où la mer enserrait les Calanques au nord : on parle alors de sable éolien. Il proviendrait notamment des antiques plages d’Arenc (dont le nom vient d’ailleurs du latin arena qui signifie sable), aujourd’hui disparues avec l’aménagement du nouveau port à partir des années 1850. Quelle qu’en soit son origine, ce sable donne au site une ambiance paysagère unique, comme si la plage s’était invitée à l’intérieur des collines…\n\nSur sa partie haute, ces habitats naturels typiques des dunes littorales recèlent une richesse écologique extraordinaire, puisque de nombreuses espèces végétales et animales psammophiles (qui se plaisent dans le sable) peuvent y être observées : elles sont rarissimes et n’existent nulle part ailleurs dans le Parc national des Calanques. Coté flore, on retrouve notamment : l’oyat, l’épiaire maritime, la fléole des sables ou encore le catapode intermédiaire. Côté faune, le scorpion languedocien et le scarite géant ont notamment été observés.\n\nSur la partie basse du vallon, les pinèdes sur sable accueillent des espèces communes et protégées plus classiques du massif des Calanques. L’hélianthème à feuille de lavande y est notamment représenté.\n\nLa multiplication d’aménagements illégaux (bosses, tremplins et circuits pour la pratique du saut à VTT) a dégradé ce site d’exception. Les coups de pelles ainsi que le passage répété des vélos ont un effet destructeur pour le milieu naturel.\n\nAfin de protéger le vallon de la Jarre, les agents du Parc national des Calanques ont contacté les représentants de la pratique du VTT pour sensibiliser les pratiquants à la richesse écologique du site, rappeler l’interdiction formelle de créer des aménagements et trouver ensemble des solutions pour stopper la création des aménagements illégaux.', 'Marseille', 'assets/img/landmarks/vallon-de-la-jarre.png'),
(8, 'La fontaine de Voire', 'En 600 avant notre ère, les Calanques sont occupées par une tribu celto-ligure : les Ségobriges. À cette même époque, les Grecs de la ville de Phocée, une cité bordant la mer Égée, fuient les attaques perses et se replient dans leurs comptoirs commerciaux méditerranéens, dont celui de la calanque du Lacydon, à l’emplacement de l’actuel Vieux-Port de Marseille. La rencontre des Ségobriges et des Phocéens est au centre du mythe de la fondation de Marseille, dans lequel la fontaine de Voire a joué un rôle clé.\n\nLe mythe\nSelon la légende, les Phocéens débarquèrent alors qu’une cérémonie ségobrige très importante était sur le point de se dérouler : celle du mariage de Gyptis, la fille du roi ! Deux chefs phocéens, dont Protis, furent conviés au banquet. Or, selon la coutume locale, la fille du roi choisissait son mari lors de ce festin en lui proposant une coupe d’eau fraîche puisée dans la fontaine de Voire. Le soir venu, la jeune Gyptis offrit la coupe à l’étranger Protis. Le roi fit alors don aux époux de la calanque du Lacydon, où Protis fonda la ville qui allait devenir Marseille.\n\nLe chemin qui mène à la fontaine de Voire réserve plusieurs surprises au visiteur. Dans le vallon de la Jarre se situe d’abord une curiosité naturelle : des dunes de sable en plein milieu des collines… Ce sable a probablement été transporté par le vent depuis les nombreuses plages de Marseille, avant qu’elles ne soient urbanisées. Il est très fragile et recèle des espèces végétales rares : il ne doit pas être piétiné.\n\nOn peut aussi voir une très belle forêt de pins d’Alep centenaires, de chênes kermès, de bruyères arborescentes et multiflores, de lentisques, de cistes cotonneux et de Montpellier, de cade, de baouque, de lys des sables ou encore de salsepareille.\n\nDans ce secteur, on trouve également les vestiges d’une carrière, ainsi que d’anciens fours à chaux. Dans cette propriété qui appartenait à un certain docteur Voire étaient aussi bâties une maison et une bergerie, dont il reste quelques traces. La fontaine a d’ailleurs porté plusieurs noms fautifs : fontaine de Voyre ou d’Ivoire notamment. Mais c’est bien ce médecin qui lui a laissé son nom.', 'Marseille', 'assets/img/landmarks/fontaine_de_voire.png'),
(9, 'Le domaine de Luminy', 'Une forêt multiséculaire\nAvant de courir au belvédère et à la calanque, il faut s’attarder dans cette très belle forêt, qui recèle une biodiversité exceptionnelle. Au cœur du campus, on verra notamment des chênes blancs de Provence. Plus loin s’étendent de grandes pinèdes. Nombreux sont les arbres qui sont ici plus que centenaires, malgré le fréquent passage du feu qui a obligé la forêt à se reconstituer plusieurs fois.\n\nLes quelque mille hectares du domaine restés naturels sont gérés par la Ville de Marseille et l’ONF. Depuis 2011, le domaine de Luminy bénéficie du régime forestier : un ensemble de garanties qui permet sa préservation, encore accentuée par son intégration dans le Parc national des Calanques créé en 2012.\n\nÀ l’origine\nDeux hypothèses expliquent sa toponymie. Elle proviendrait du latin lumen, renvoyant à l’utilisation antique du mont Puget comme vigie lumineuse la nuit. Autre piste, traditionnelle à Marseille : le nom d’un ancien propriétaire, qui s’appelait Luminie, comme le stipule un acte du 14 mai 1672 aujourd’hui conservé aux Archives municipales.\n\nHistoriquement, Luminy et Sugiton appartiennent au même domaine. Au XIe siècle, les Vicomtes de Marseille l’offrent à l’abbaye Saint-Victor. En 1242, les bâtiments religieux sont agrandis par Nicole de Roquefort, abbesse cistercienne de Saint-Pons à la Sainte-Baume. Ils prennent le nom d’abbaye Notre-Dame-du-Mont-de-Sion et sont destinés à recevoir les jeunes filles de la noblesse provençale.\n\nUne intense activité\nLa propriété est acquise par la famille d’Ollières en 1450. L’agriculture s’y développe, sur un terrain de 1200 hectares, avec des céréales (blé, avoine), des arbres fruitiers (oliviers, amandiers, mûriers, figuiers, cerisiers) et de la vigne (déjà cultivée par les moines). On y pratique aussi le gemmage des pins et l’élevage des moutons. Jusque dans les années 1960, il n’était pas rare de croiser des chèvres sauvages sur les pentes.\n\nLe domaine comprend alors deux bergeries, notamment celle du jas de Sugiton, dont les ruines subsistent au pied du mont Puget. Depuis la bastide jusqu’aux collines, de nombreux autres vestiges sont encore visibles (puits, citernes, restanques, bassins, fours à chaux, carrières…). La faculté de Luminy\nA la fin de la seconde Guerre Mondiale, lEtat devient propriétaire du domaine. Dans les années 60, un campus est créé dans sa partie centrale. Sa partie périphérique est vendue en 1963 à la Ville de Marseille qui y implante d’autres structures, notamment de détente et de loisirs, tout en conservant son caractère naturel.\n\nLe pôle universitaire est conçu par René Egger, architecte officiel de la ville. Les contraintes liées au site (patrimoine naturel, éloignement…) l’engagent à s’inspirer des campus anglo-saxons. L’École d’art et d’architecture, composée de patios, de galeries, de calades et de pilotis, a été labellisée patrimoine du XXe siècle en 2007. L’ensemble des bâtiments accueille aujourd’hui près de dix mille personnes (étudiants, professeurs, chercheurs et entrepreneurs).', 'Marseille', 'assets/img/landmarks/domaine-luminy.png'),
(10, 'Le mont Puget', 'C’est un repère paysager aux formes caractéristiques, présentant des strates qui paraissent sculptées dans le calcaire. Imposant massif offrant l’une des plus stupéfiantes vues panoramiques de la région, une légende le lie au destin du sculpteur qui porte le même nom que lui…\r\n \r\n\r\nParmi les cimes\r\nAvec ses 563 mètres, le mont Puget est le point culminant du massif des Calanques, qu’il forme avec les sommets de Marseilleveyre, l’Estret et la Gardiole. C’est le quatrième sommet du Parc national des Calanques, derrière le trio Carpiagne-Saint-Cyr-Lantin du massif de Saint-Cyr.\r\n\r\nVisibles de très loin, ses falaises majestueuses surplombent le domaine de Luminy. C’est le seigneur des lieux. Le mistral le balaie régulièrement, scellant la rencontre au sommet de ces deux forces de la nature. Point de vue remarquable sur la ville et la mer, le mont Puget amène le regard sur la Sainte-Victoire et la Sainte-Baume, et au-delà, jusqu’au mont Ventoux et la presqu’île de Six-Fours.\r\n\r\n \r\n\r\nUne montagne et un sculpteur\r\nSon nom dérive du provençal puèch, issu du latin podium. Le sculpteur Pierre Puget hérite de la même étymologie, mais le toponyme précède la naissance de l’artiste. Une légende veut pourtant que ce soit Pierre qui ait donné son nom au mont ! Il est vrai que, tous deux éminents, ils entretiennent des similitudes…', 'Bus RTM B1 ou 521 en soirée – direction Campus de Luminy, arrêt Luminy – PN des Calanques, puis environ 30 minutes de marche pour parvenir sur ses pentes, et une heure de plus pour arriver à son sommet.', 'assets/img/landmarks/mont-puget.png'),
(11, 'Les fours à chaux', 'Vous avez peut-être déjà croisé ces ruines énigmatiques aux formes circulaires aux détours d’une balade ? Démolis ou recouverts par la végétation, il s’agit souvent de fours à chaux dits temporaires. On en dénombre près de 250 sur le territoire du Parc national !\n\nLa chaux, qu’est-ce que c’est ?\nLa chaux est un matériau qui a de nombreuses applications, notamment dans la construction. Elle entrait aussi dans la fabrication de la soude et du savon marseillais, ce qui a entraîné un fort développement de son exploitation aux XVIIIe et XIXe siècles. Obtenue par calcination du calcaire, dans des fours alimentés par du bois ou des branchages de la garrigue, les Calanques étaient un territoire idéal à sa fabrication, offrant la matière première et le combustible.\n\nLes différents fours dans les Calanques\nPlusieurs modèles de fours ont coexisté. On distingue des fours permanents, construits en dur (tels ceux de la Barasse) et souvent associés à des carrières, et des fours temporaires. Ces derniers étaient creusés dans le sol et déplacés régulièrement suite à l’épuisement des ressources naturelles immédiatement disponibles. Maçonnés en pierres sèches et de forme circulaire, ces fours temporaires sont les plus répandus dans le Parc national des Calanques.\n\nLe saviez-vous ?\nDe nos jours, on redécouvre les avantages écologiques et économiques de l’emploi de la chaux dans le domaine de la construction. Elle remplace en effet à merveille le plâtre, le ciment des mortiers ou même les peintures vinyliques.', 'De nombreux fours à chaux sont visibles sur le territoire du Parc national, et notamment le long du sentier principal de Luminy en direction de la calanque de Sugiton, ou dans les vallons de la Barasse et de la Panouse.', 'assets/img/landmarks/four_a_chaux.png'),
(12, 'Le belvédère d\'En Vau', 'Situé au sommet de hautes falaises, le belvédère d\'En Vau offre une vue à couper le souffle sur la calanque d\'En Vau et ses eaux cristallines. Accessible après une randonnée sportive, ce point de vue naturel surplombe l\'une des calanques les plus spectaculaires du Parc national des Calanques. Depuis le belvédère, on peut admirer l\'impressionnant contraste entre les parois rocheuses et la mer turquoise qui s\'étend à perte de vue, faisant de ce site un incontournable pour les amoureux de la nature et de la photographie.', 'Marseille', 'assets/img/landmarks/belvedere_envau.png'),
(13, 'La chapelle Notre-Dame de la Garde', 'Une vue panoramique sur la baie de La Ciotat\r\nSur les hauteurs de l’anse de Figuerolles, le site de l’actuelle chapelle Notre-Dame de la Garde est un emplacement stratégique, qui offre une vue panoramique sur les alentours. En 1543, il accueille une vigie qui permet d’assurer une surveillance maritime et de détecter de potentiels débarquements de pirates ou d’ennemis dans la calanque. La vigie sera délocalisée sur le site de la Grande Tête en 1794, à l’emplacement actuel du sémaphore du bec de l’Aigle.\r\n\r\nUne chapelle dédiée aux gens de mer\r\nAu début du XVIIe siècle, la confrérie des Pénitents Bleus, composée de mariniers et de navigateurs, décide d’y construire une chapelle dédiée aux gens de mer. Objet de ferveur, le sanctuaire reçoit tout au long du XIXe siècle des ex-voto et des maquettes de navires, qui témoignent des interventions miraculeuses de la Vierge de la Garde en faveur des sinistrés et naufragés.\r\n\r\nLa chapelle aujourd’hui\r\nDe 1864 à 1866, le curé Bruchon fait restaurer la chapelle et construire le grand porche surmonté d\'une statue de la Vierge en terre cuite. En 1906, la chapelle devient propriété communale mais reste affectée au culte. Après un incendie en 1957, la chapelle est restaurée grâce à la municipalité, la paroisse et les Chantiers Navals de La Ciotat.', 'La chapelle Notre-Dame de la Garde se situe à moins de 30 minutes à pied du centre-ville de La Ciotat.', 'assets/img/landmarks/chapelle-de-la-garde.png'),
(14, 'Le Mugel et le bec de l’Aigle', 'Entre mer, montagne et jardin\r\nLe massif des Trois Secs prolonge les falaises Soubeyranes et se termine avec le bec de l’Aigle, point de repère pour les marins depuis l\'Antiquité. Plusieurs calanques s’immiscent dans cette formation géologique au profil caractéristique, notamment celles de Figuerolles, du Mugel, ainsi que l’anse du Sec. Une dernière résurgence émerge dans la continuité de ce massif rocheux avec l’île Verte.\r\n\r\nCes grands promontoires qui semblent s’élancer vers le ciel sont faits d’une roche particulière : le poudingue, dépôt compacté de galets charriés par un fleuve aujourd’hui disparu. Côté mer, ces falaises vertigineuses, comme taillées à la serpe, tombent à pic dans la Méditerranée. Côté terre, une flore verdoyante se développe sur les pentes, où l’on trouve notamment les plus beaux chênes verts du Parc national.\r\n\r\nUn espace naturel sous pression urbaine\r\nLes trois anses du Grand Mugel, du Petit Mugel et du Sec sont très recherchées par le public, et posent des problèmes de surfréquentation typiquement urbains. Ces endroits sont donc privilégiés par le Parc national des Calanques pour sensibiliser le public, à travers la présence renforcée d’écogardes, sur des sujets touchant au respect de l’environnement et au patrimoine naturel et culturel des sites.\r\n\r\nLa ville de La Ciotat est en effet toute proche. Mitoyen du Parc national des Calanques, le chantier naval ferme les calanques du Mugel, imposant un contraste saisissant entre espace naturel et territoire industriel. Cette friche, dont sont sortis jusqu’aux années 80 des navires d’exception aux dimensions parfois considérables, est aujourd’hui le lieu d’entretien de yachts de luxe.\r\n\r\nDes palmiers à la place des bunkers\r\nQui pourrait croire que ce jardin luxuriant fut un jour un terrain de guerre ? Pendant la Seconde Guerre mondiale, à la place de ce vallon agrémenté de fontaines se trouvait... un blockhaus ! En novembre 1942, les troupes allemandes prirent possession de La Ciotat. Ils transformèrent la ville en forteresse armée, pour se défendre contre les attaques marines et aériennes des Alliés. Dans la baie de La Ciotat gisent encore des épaves d\'avions militaires. Sur le bord de mer, les Allemands installèrent des canons, des murs antichars et des batteries, dont il reste des vestiges aujourd’hui (notamment la plateforme semi-circulaire au-dessus de l’anse du Sec).\r\n\r\nQuand la paix revint en Europe, un certain monsieur Bronzo racheta les terres du Mugel et y bâtit en 1948 une maison située à l’aplomb de l’anse du Sec. Avec le jardinier Lucien Rouvier, ils recouvrirent les traces de la guerre sous ce beau jardin exotique.', 'Le parc et les calanques du Mugel se situent à moins de 30 minutes à pied du centre-ville de La Ciotat.', 'assets/img/landmarks/mugel.png');

-- --------------------------------------------------------

--
-- Structure de la table `landmarks_trails`
--

DROP TABLE IF EXISTS `landmarks_trails`;
CREATE TABLE IF NOT EXISTS `landmarks_trails` (
  `landmark_id` int NOT NULL,
  `trail_id` int NOT NULL,
  PRIMARY KEY (`landmark_id`,`trail_id`),
  KEY `trail_id` (`trail_id`)
) ENGINE=InnoDB DEFAULT CHARSET=utf8mb4 COLLATE=utf8mb4_unicode_ci;

--
-- Déchargement des données de la table `landmarks_trails`
--

INSERT INTO `landmarks_trails` (`landmark_id`, `trail_id`) VALUES
(1, 1),
(2, 1),
(3, 2),
(3, 3),
(4, 3),
(3, 4),
(5, 5),
(6, 5),
(3, 6),
(7, 6),
(8, 6),
(9, 7),
(10, 8),
(11, 8),
(12, 9),
(12, 10),
(13, 12);

-- --------------------------------------------------------

--
-- Structure de la table `membership`
--

DROP TABLE IF EXISTS `membership`;
CREATE TABLE IF NOT EXISTS `membership` (
  `card_id` int NOT NULL AUTO_INCREMENT,
  `delivery_date` datetime DEFAULT NULL,
  `expiry_date` datetime DEFAULT NULL,
  `user_id` int DEFAULT NULL,
  PRIMARY KEY (`card_id`),
  KEY `user_id` (`user_id`)
) ENGINE=InnoDB DEFAULT CHARSET=utf8mb4 COLLATE=utf8mb4_unicode_ci;

-- --------------------------------------------------------

--
-- Structure de la table `natural_ressources`
--

DROP TABLE IF EXISTS `natural_ressources`;
CREATE TABLE IF NOT EXISTS `natural_ressources` (
  `ressource_id` int NOT NULL AUTO_INCREMENT,
  `name` varchar(255) COLLATE utf8mb4_unicode_ci DEFAULT NULL,
  `type` varchar(100) COLLATE utf8mb4_unicode_ci DEFAULT NULL,
  `location` varchar(255) COLLATE utf8mb4_unicode_ci DEFAULT NULL,
  `floraison` varchar(255) COLLATE utf8mb4_unicode_ci DEFAULT NULL,
  `description` text COLLATE utf8mb4_unicode_ci,
  `level` enum('Faible','Moyen','Fort','Très Fort') COLLATE utf8mb4_unicode_ci DEFAULT NULL,
  `precautions` text COLLATE utf8mb4_unicode_ci,
  `image` varchar(255) COLLATE utf8mb4_unicode_ci DEFAULT NULL,
  PRIMARY KEY (`ressource_id`)
) ENGINE=InnoDB AUTO_INCREMENT=90 DEFAULT CHARSET=utf8mb4 COLLATE=utf8mb4_unicode_ci;

--
-- Déchargement des données de la table `natural_ressources`
--

INSERT INTO `natural_ressources` (`ressource_id`, `name`, `type`, `location`, `floraison`, `description`, `level`, `precautions`, `image`) VALUES
(1, 'Aigle de Bonelli (Aquila fasciata)', 'Faune Terrestre', 'Entre les Pyrénées Orientales et le Var', NULL, 'L’un des rapaces les plus menacés de France. Emblématique du milieu méditerranéen, l’aigle de Bonelli est une espèce en danger et sous haute surveillance. Il vit en couple toute l’année sur le même territoire, et nidifie dans les anfractuosités des falaises rocheuses. La femelle pond un ou deux œufs, et les petits aiglons, nés après un mois et demi d’incubation, seront élevés durant deux mois. Il mesure entre 1,45 et 1,65 mètre d’envergure et la femelle est plus trapue et plus grande que le mâle. Il se nourrit principalement d\'oiseaux, de mammifères et de reptiles.\n\nLe saviez-vous ? L’espèce est aujourd’hui représentée par seulement 35 couples reproducteurs entre les Pyrénées Orientales et le Var, dont un couple niche dans le massif des Calanques.', 'Très Fort', 'Menaces : Électrocution sur les pylônes, Dérangements humains dont le survol, l’escalade et la randonnée, Modification de son environnement.\nActions de gestion pour le conserver : Mise en protection temporaire des zones de nidification durant la période de reproduction, Fermeture de voies d’escalade.\nMa contribution pour le protéger : Je pratique l’escalade en respectant les fermetures de voies.', 'assets/img/natural_ressources/faune_terrestre/aigleBonelli.png'),
(2, 'Aigrette Garzette (Egretta garzetta)', 'Faune Terrestre', 'Probablement en chemin pour la Camargue', NULL, 'L\'aigrette garzette est un petit héron, entièrement blanc. En plumage nuptial, l\'adulte porte sur la nuque deux à trois longues plumes effilées. Les scapulaires visibles d\'assez près sont recourbés en crosse sur le dos et des plumes étroites et allongées décorent le plastron. Le bec est noir et les lores gris-vert la majorité de l’année et rougeâtre en période nuptiale. Les tarses sont également noirs, tandis que les pieds sont toujours jaunes. Après la reproduction, elle perd ses parures à la tête et au dos. La mue, complète, est étalée de juin à novembre, voire jusqu\'en décembre. La silhouette en vol apparaît svelte et anguleuse, car le cou dessine une saillie très visible en forme de goitre. Les ailes assez courtes et arrondies permettent un vol rapide. Les déplacements sur le sol ou dans l’eau peu profonde, qu’ils soient lents ou rapides selon les circonstances, demeurent toujours élégants. L\'aigrette pratique également l\'immobilité à l\'affût d\'une proie ou au repos. Elle se nourrit d’invertébrés aquatiques, de batraciens et de petits poissons.\n\nLe saviez-vous ? L’aigrette garzette est une migratrice partielle. Il n’y a pas de colonies nicheuses dans les Calanques. Les individus croisés dans les Calanques sont probablement en chemin pour la Camargue qui accueille de nombreuses colonies.', 'Faible', 'Menaces : Dérangements humains, Modification de son environnement.\nMa contribution pour la protéger : Je navigue à une distance respectable du littoral et à faible allure. Je débarque seulement aux endroits autorisés.', 'assets/img/natural_ressources/faune_terrestre/aigretteGarzette.png'),
(3, 'Bihoreau Gris (Nycticorax nycticorax)', 'Faune Terrestre', 'Passage dans les Calanques, colonies en Camargue', NULL, 'Avec son corps trapu et sa grosse tête engoncée dans les épaules, bas sur pattes, le bihoreau gris a une silhouette caractéristique. L’adulte se reconnaît facilement à son manteau gris et son dossard noir. Le dessus de la tête est noir, prolongé à la nuque par deux à quatre longues plumes étroites blanches. De près, les joues et le front blanc, le gros œil rouge et le bec noir épais, légèrement incliné vers le bas se remarquent aisément. Tout le dessous du corps, est dominé par le gris clair, légèrement nuancé de crème. Le Bihoreau présente en vol une silhouette ramassée caractéristique, cou replié, seule l\'extrémité des orteils dépasse légèrement la queue. Ses ailes larges, arrondies et son vol silencieux ressemblent à ceux d’une grande chouette. Les principaux cris, émis surtout en vol au crépuscule et à l\'aube, sont des croassements graves et sonores bien distinctifs. Il se nourrit principalement de poissons et batraciens, parfois de petits mammifères, reptiles et oiseaux.\n\nLe saviez-vous ? Cosmopolite, le Bihoreau gris occupe toutes les zones tropicales et tempérées, sauf l’Australie. Les colonies nicheuses d’Europe nous reviennent chaque année d’Afrique sub-saharienne. Dans les Calanques, l’espèce ne fait que passer… certains individus ne poussent pas le voyage bien plus loin puisque la Camargue voisine abrite quelques colonies !', 'Faible', 'Menaces : Dérangements humains, Modification de son environnement.\nMa contribution pour le protéger : Je ne pratique pas de sports motorisés dans les Calanques. Je navigue à une distance respectable du littoral et à faible allure. Je débarque seulement aux endroits autorisés.', 'assets/img/natural_ressources/faune_terrestre/bihoreau-gris.png'),
(4, 'Chevreuil (Capreolus capreolus)', 'Faune Terrestre', 'Forêts', NULL, 'Ce cervidé de petite taille arbore un pelage d’été brun roux et gris foncé en hiver. Seul le mâle porte des bois sur la tête, qui tombent chaque année à l’automne. La tâche blanche qu’il porte sur les fesses à la forme d’un cœur chez la femelle et de deux haricots chez le mâle. C’est un herbivore qui se nourrit principalement de jeunes pousses tendres, de glands et de feuilles.\n\nLe saviez-vous ? Le chevreuil est assez discret, mais en période de rut, il aboie de manière bruyante. Ses cris ressemblent alors à celui du chien !', 'Faible', 'Menaces : Dérangements humains, Modification de son environnement.\nMa contribution pour le protéger : Je ne cherche pas à l’approcher. Je reste sur les sentiers balisés.', 'assets/img/natural_ressources/faune_terrestre/chevreuil.png'),
(5, 'Circaète Jean-le-Blanc (Circaetus gallicus)', 'Faune Terrestre', 'Passage dans les Calanques, colonies en Camargue', NULL, 'Avec 1 mètre 80 d’envergure, le circaète Jean-le-Blanc est l’un des plus grands rapaces des Calanques. Lorsqu’il est dans les airs, il est reconnaissable à son plumage clair sur le ventre et sombre sur la gorge, ainsi qu’à son vol stationnaire caractéristique. Il semble capable de se figer, comme s’il était à l’arrêt, lorsqu’il scrute le terrain à la recherche de proies. Oiseau migrateur, il hiverne en Afrique et revient dans les Calanques chaque année pour se reproduire. La femelle pond un unique œuf couvé durant 45 jours. Le poussin sera ensuite élevé dans le nid pendant plus de deux mois.\n\nLe saviez-vous ? Le Circaète Jean-le-Blanc se nourrit presque exclusivement de serpents.', 'Faible', 'Menaces : Modification de son environnement, Dérangements humains en période de reproduction, Tirs.\nMa contribution pour le protéger : Je reste sur les sentiers balisés. Je ne pratique pas de sports motorisés dans les Calanques.', 'assets/img/natural_ressources/faune_terrestre/circaete.png'),
(6, 'Cormoran Huppé de Méditerranée (Phalacrocorax aristotelis)', 'Faune Terrestre', 'Méditerranée, archipel de Riou', NULL, 'Le cormoran huppé de Méditerranée est reconnaissable à son plumage noirâtre avec des reflets vert bouteille, son long cou et son bec fin de couleur jaune. Il se distingue du grand cormoran par sa plus petite taille et par la huppe qu’il porte sur le front au printemps, lors de la période de reproduction. Ce nageur hors pair se nourrit de poissons qu’il chasse sous l’eau. Il peut plonger à plus de 30 mètres de profondeur et rester immergé pendant deux minutes ! On l’observe souvent les ailes déployées au soleil en train de faire sécher ses plumes après être allé pêcher.\n\nLe saviez-vous ? Le cormoran huppé ne vit qu\'en Méditerranée, et l\'archipel de Riou abrite la seconde colonie française.', 'Fort', 'Menaces : Dérangements humains par les activités nautiques, Capture accidentelle par les engins de pêche, Modification de son environnement.\nActions de gestion pour le conserver : Gestion de la fréquentation marine, Interdiction de débarquement sur certains secteurs.\nMa contribution pour le protéger : Je navigue à une distance respectable des falaises littorales et à faible allure. Je débarque seulement aux endroits autorisés.', 'assets/img/natural_ressources/faune_terrestre/cormoran.png'),
(7, 'Couleuvre de Montpellier (Malpolon monspessulanus)', 'Faune Terrestre', 'Garrigue et maquis', NULL, 'La couleuvre de Montpellier est reconnaissable à ses grands yeux ronds surmontés d’arêtes osseuses proéminentes qui lui confèrent un regard sévère. Ses écailles creusées d’un sillon sont de couleur brun olivâtre sur le dos et jaunâtre sur le ventre. Si elle se sent menacée, elle peut dresser le tiers avant de son corps et souffler fortement pour impressionner son adversaire. Elle possède deux crocs venimeux grâce auxquels elle tue ses proies : petits mammifères, oisillons et lézards. Ainsi est-elle inoffensive pour l’homme. Les couleuvreaux naissent à la fin de l’été : ils ne mesurent alors que 20 cm, soit dix fois moins que leur taille maximale à l’âge adulte…\n\nLe saviez-vous ? Contrairement à tous les autres genres de serpents européens, les mâles sont plus grands et plus imposants que les femelles : ils peuvent mesurer jusqu’à 1 mètre 80.', 'Moyen', 'Menaces : Circulation routière, Fragmentation de son habitat.\nMa contribution pour la protéger : Je reste sur les sentiers. Je reste à distance de l’animal.', NULL),
(8, 'Crabier Chevelu (Ardeola ralloides)', 'Faune Terrestre', 'Camargue', NULL, 'Le crabier chevelu se reconnaît à son plumage caractéristique blanc et jaune ocre. Il tire son nom vernaculaire de « chevelu » de son plumage nuptial dont les longues plumes fines frangées de noir tombent derrière sa tête comme une chevelure. L’espèce hiverne en Afrique tropicale et dans le delta du Nil et vient se reproduire autour de la Méditerranée, de la mer Noire et de la mer Caspienne. En France, les populations se cantonnent essentiellement à la Camargue. Du fait de sa faible répartition nationale et de sa nature discrète, l’observation de ce bel oiseau est rare dans les Calanques !', 'Faible', 'Menaces : Dérangements humains en période de reproduction dont les activités nautiques, Modification de son environnement, Sécheresse.\nMa contribution pour le protéger : Je ne pratique pas de sports motorisés dans les Calanques. Je navigue à une distance respectable du littoral et à faible allure. Je débarque seulement aux endroits autorisés.', NULL),
(9, 'Faucon Pèlerin (Falco peregrinus)', 'Faune Terrestre', 'Littoral rocheux des Bouches-du-Rhône, îles de Marseille', NULL, 'Le faucon pèlerin est réputé l\'oiseau le plus rapide du monde : il peut atteindre près de 400 km/heure lorsqu’il descend à pic pour attraper ses proies ! Symbole de pouvoir et du dieu Horus chez les anciens Égyptiens ou chasseur de haut vol utilisé depuis près de 35 siècles en fauconnerie, le faucon pèlerin a été de tout temps, et reste aujourd’hui, un rapace prestigieux admiré pour ses qualités aériennes et ses aptitudes à la chasse. Il niche dans les falaises du littoral dominant la mer où il chasse des oiseaux migrateurs venant du large. La femelle pond entre 3 à 4 œufs et les petits faucons, nés après 30 jours d’incubation, sont élevés pendant deux mois. Le pèlerin est un ornithophage strict : il se nourrit exclusivement d’oiseaux.\n\nLe saviez-vous ? Sa reproduction sur les îles de Marseille est attestée dès les XVIe et XVIIe siècles où il est fait état de captures de jeunes pour la fauconnerie, notamment par les gardiens des îles pour le compte de Louis XIII.', 'Moyen', 'Menaces : Dérangement humain (escalade), Modification de son environnement.\nActions de gestion pour le conserver : Canalisation de la fréquentation, Fermetures temporaires de voies d’escalade.\nMa contribution pour le protéger : Je pratique l’escalade en respectant les fermetures de voies.', 'assets/img/natural_ressources/faune_terrestre/fauconPelerin.png'),
(10, 'Fauvette Pitchoune (Sylvia undata)', 'Faune Terrestre', 'Garrigue et maquis, Forêts', NULL, 'Son chant est très varié, selon la situation : doux et pétillant quand il est en vol ou juché sur une hauteur, dur et métallique quand il s’alarme, aigu et répétitif quand il est fébrile. Se nourrissant essentiellement d’insectes, il vit en Europe Occidentale, de l’Espagne à l’Italie, en passant par l\'ouest et le sud de la France. Il se plaît en bord de mer, et notamment sur les îles méditerranéennes comme la Corse, la Sicile et la Sardaigne.\n\nLe saviez-vous ? Cette fauvette tire son nom du provençal « pitchou » qui signifie « petit », en raison de la taille menue de l’oiseau.', 'Moyen', 'Menaces : Dérangements humains, Urbanisation.\nMa contribution pour le protéger : Je ne le dérange pas.', 'assets/img/natural_ressources/faune_terrestre/fauvettePitchou.png'),
(11, 'Fou de Bassan (Morus bassanus)', 'Faune Terrestre', 'Tout au long de l’année', NULL, 'Le fou de Bassan mesure jusqu’à 1,90 mètre d’envergure ! Son plumage est blanc, jaunâtre sur sa tête et noir à l’extrémité de ses ailes. Sa technique de pêche est surprenante : après avoir pris de la hauteur, il plonge à pic à une vitesse qui peut atteindre 100 km/h ! Il profite de l’onde de choc produite pour avaler les poissons étourdis jusqu’à 20 mètres de profondeur.\n\nLe saviez-vous ? Il est occasionnellement observé en mer sur le territoire du Parc national, mais ne s’y reproduit pas. Il vit et nidifie sur des îlots rocheux en Bretagne.', 'Moyen', NULL, NULL),
(12, 'Genette (Genetta genetta)', 'Faune Terrestre', 'Habitats rocheux, Chênaie verte', NULL, 'Ce petit carnivore des Calanques présente un pelage et une silhouette qui rappellent ceux du chat, mais son corps est plus effilé. Son museau est pointu, ses pattes plus courtes, et elle a un cou et une queue plus longs. Elle est une excellente grimpeuse et chasseresse discrète.\n\nLe saviez-vous ? Originaire d’Afrique et introduite en Europe durant l’Antiquité romaine, la genette ne fait pas partie de la famille des félidés mais des viverridés.', 'Moyen', NULL, NULL),
(13, 'Goéland leucophée (Larus michahellis)', 'Faune Terrestre', 'Côte méditerranéenne, Camargue, îles de Marseille', NULL, 'Bien connu des Provençaux, cet oiseau marin côtier est reconnaissable à son manteau gris bleuté, ses ailes aux extrémités noires et son corps d’un blanc pur. Il se distingue par ses pattes et son bec jaune. Sa population a explosé dans les années 1960, atteignant des milliers de couples sur les îles de Marseille.\n\nLe saviez-vous ? Le goéland leucophée est souvent confondu avec la mouette, une espèce plus petite et fine.', 'Faible', NULL, 'assets/img/natural_ressources/faune_terrestre/goeland-leucoph.png'),
(14, 'Grand-duc d\'Europe (Bubo bubo)', 'Faune Terrestre', 'Archipel de Riou', NULL, 'Le grand-duc d’Europe peut atteindre 1m90 d’envergure et est un as du camouflage. Son plumage se confond avec son environnement et ses plumes absorbent les bruits pour lui permettre de surprendre ses proies. Il niche dans les falaises et se nourrit de mammifères et d’oiseaux.\n\nLe saviez-vous ? Le grand-duc d’Europe est l’un des plus grands oiseaux nocturnes du monde.', 'Faible', 'Menaces : Dérangements humains durant sa période de reproduction (escalade).\nActions de gestion pour le conserver : Fermeture temporaire de certaines voies d’escalade durant sa période de reproduction.\nMa contribution pour le protéger : Je respecte les fermetures de voies d’escalade.', 'assets/img/natural_ressources/faune_terrestre/grandDuc.png'),
(15, 'Grèbe à cou noir (Podiceps nigricollis)', 'Faune Terrestre', 'Camargue, étang de Berre', NULL, 'Le plumage du grèbe à cou noir en période inter-nuptiale est terne, mais en période de reproduction, il arbore des couleurs plus vives. Ses ailes se parent de plumes rousses et une touffe de plumes dorées se déploie à l’arrière de l’œil. Il niche en Camargue et sur l’étang de Berre.\n\nLe saviez-vous ? Les couples de grèbes construisent des nids flottants.', 'Faible', 'Menaces : Modification de son environnement, marées noires et dégazages.\nMa contribution pour la protéger : Je navigue à une distance respectable du littoral et à faible allure. Je débarque seulement aux endroits autorisés.', 'assets/img/natural_ressources/faune_terrestre/grebe-cou-noir.png'),
(16, 'Lapin de garenne (Oryctolagus cuniculus)', 'Faune Terrestre', 'Garrigue et maquis, pelouses, habitats littoraux', NULL, 'Ce rongeur au pelage gris-brun vit en groupe de deux à dix individus. Il reste à l’abri dans des terriers qu’il creuse durant la journée, et sort en fin de journée pour se nourrir et socialiser. Il est invasif et peut causer des dégâts aux écosystèmes.\n\nLe saviez-vous ? Le lapin de garenne doit son nom aux espaces réservés aux pâturages et terrains de chasse.', 'Faible', NULL, 'assets/img/natural_ressources/faune_terrestre/lapinGarenne.png'),
(17, 'Lézard ocellé (Timon lepidus)', 'Faune Terrestre', 'Habitats rocheux, garrigue et maquis', NULL, 'Ce reptile discret peut atteindre 80 centimètres de long. Il se plaît au soleil mais préfère l’ombre en période de forte chaleur. Il est couvert d’écailles de couleurs variées formant des motifs appelés ocelles. Il se nourrit d’insectes et de petits mammifères.\n\nLe saviez-vous ? Les accouplements du lézard ocellé sont souvent précédés de combats entre mâles.', 'Moyen', 'Menaces : Dérangements humains.\nMa contribution pour le protéger : Je reste sur les sentiers. Je ne le dérange pas.', 'assets/img/natural_ressources/faune_terrestre/lezard-ocelle.png'),
(18, 'Loup (Canis lupus)', 'Faune Terrestre', 'Calanques', NULL, 'Le loup est un indicateur de bonne santé des écosystèmes. Il se nourrit principalement d’ongulés comme les chevreuils et sangliers. Sa présence est rare dans les Calanques mais a été enregistrée en 2021 avec la naissance d’une première meute.\n\nLe saviez-vous ? Le dernier loup observé à Marseille a été tué en 1872 et est exposé au Muséum d’Histoire Naturelle de Marseille.', 'Très Fort', 'Menaces : Collision avec des véhicules, braconnage, fragmentation des milieux naturels.\nActions de gestion pour le conserver : Suivi scientifique, contrôles pour prévenir le braconnage.\nMa contribution pour le protéger : Je ne dérange pas l’animal. Je suis vigilant sur les routes, notamment à la tombée du jour et la nuit.', NULL),
(19, 'Minioptère de Schreibers (Miniopterus schreibersii)', 'Faune Terrestre', 'Habitats rocheux', NULL, 'Cette chauve-souris vit dans des grottes tout au long de l’année. Elle possède un front bombé, un museau très court et des petites oreilles triangulaires. Elle chasse des papillons et moustiques la nuit avec un vol rapide pouvant atteindre 60 km/h.\n\nLe saviez-vous ? Elle forme des colonies dans les grottes qui peuvent atteindre 2000 individus au mètre carré.', 'Moyen', 'Menaces : Dérangements humains.\nMa contribution pour la protéger : Je ne m’aventure pas dans les grottes. Je respecte les zones de mise en défens.', NULL),
(20, 'Molosse de Cestoni (Tadarida teniotis)', 'Faune Terrestre', 'Habitats rocheux', NULL, 'Cette chauve-souris peut mesurer jusqu’à 40 centimètres d’envergure et voler à 300 mètres de hauteur. Elle se reconnaît à ses ultra-sons audibles pour les humains et son odeur particulière. Elle habite les grandes parois verticales des Calanques.\n\nLe saviez-vous ? C’est l’unique chauve-souris dont les ultra-sons sont audibles pour les humains.', 'Moyen', 'Menaces : Dérangements humains.\nMa contribution pour la protéger : Je ne m’aventure pas dans les grottes.', 'assets/img/natural_ressources/faune_terrestre/molosse-cestoni.png'),
(21, 'Phyllodactyle d’Europe (Euleptes europaea)', 'Faune Terrestre', 'Habitats rocheux', NULL, 'Le phyllodactyle d’Europe est un gecko crépusculaire et nocturne au corps aplati et à la peau lisse. Il peut changer de couleur pour se confondre avec la roche. Il grimpe partout pour débusquer des insectes et peut vivre près de dix ans.\n\nLe saviez-vous ? Le phyllodactyle d’Europe a été découvert pour la première fois en France en 1910 sur l’îlot d’Endoume à Marseille.', 'Moyen', 'Menaces : Prédation, Destruction de son habitat, Pollution lumineuse.\nMa contribution pour le protéger : Je reste sur les sentiers. Je ne le dérange pas.', NULL),
(22, 'Puffin Yelkouan (Puffinus yelkouan)', 'Faune Terrestre', 'Îles provençales d’Hyères et de Marseille', NULL, 'Le puffin Yelkouan est un oiseau marin méditerranéen qui se distingue par son plumage sombre et un vol plus battu que celui de ses cousins. Il se nourrit de petits crustacés et poissons qu’il capture à plusieurs mètres de profondeur.\n\nLe saviez-vous ? Le cri plaintif du puffin au crépuscule aurait inspiré le chant des sirènes.', 'Fort', 'Menaces : Prédation par les mammifères introduits (rat noir), Dérangements humains, Capture accidentelle par les engins de pêche, Modification de son environnement.\nActions de gestion pour le conserver : Canalisation de la fréquentation, Capture et suivi des mammifères introduits.\nMa contribution pour le protéger : Je tiens mon chien en laisse sur l’archipel du Frioul. Je n’amène pas mon chien sur l’archipel de Riou. Je reste sur les sentiers balisés.', 'assets/img/natural_ressources/faune_terrestre/puffin-yelkouan.png'),
(23, 'Puffin de Scopoli (Calonectris diomedea)', 'Faune Terrestre', 'Îles de Marseille', NULL, 'Le puffin de Scopoli, un véritable oiseau du large, parcourt les océans durant de longs mois sans toucher terre. Il revient nicher chaque printemps dans des terriers retirés des îles marseillaises.\n\nLe saviez-vous ? Certains puffins de Scopoli bagués sur les îles de Marseille sont âgés de plus de 30 ans.', 'Fort', 'Menaces : Prédation par les mammifères introduits (rat noir et chat haret), Dérangements humains, Capture accidentelle par les engins de pêche, Modification de son environnement.\nActions de gestion pour le conserver : Canalisation de la fréquentation, Capture et suivi des mammifères introduits.\nMa contribution pour le protéger : Je tiens mon chien en laisse sur l’archipel du Frioul. Je n’amène pas mon chien sur l’archipel de Riou. Je reste sur les sentiers balisés.', 'assets/img/natural_ressources/faune_terrestre/puffin-scopoli.png'),
(24, 'Puffin des Baléares (Puffinus mauretanicus)', 'Faune Terrestre', 'Archipel des Baléares, Golfe du Lion', NULL, 'Classé en danger critique d\'extinction, le puffin des Baléares migre de la Méditerranée vers l’Atlantique pour se nourrir, et il peut être observé jusque dans le Golfe du Lion. Sa ressemblance avec le puffin Yelkouan le rend parfois difficile à identifier.\n\nLe saviez-vous ? Le plumage sombre du puffin des Baléares le distingue de son cousin Yelkouan.', 'Très Fort', 'Menaces : Prédation par les mammifères introduits (rat noir et chat haret), Dérangements humains, Modification de son environnement.\nMa contribution pour le protéger : Je tiens mon chien en laisse sur l’archipel du Frioul. Je n’amène pas mon chien sur l’archipel de Riou. Je reste sur les sentiers balisés. Je pratique l’escalade en respectant les fermetures de voies.', 'assets/img/natural_ressources/faune_terrestre/puffin-baleares.png'),
(25, 'Rainette méridionale (Hyla meridionalis)', 'Faune Terrestre', 'Garrigue et maquis', NULL, 'La rainette méridionale aime s’inviter dans les jardins et près des villes. Si sa couleur verte la rend discrète dans la végétation, son chant puissant la trahit. Elle se reproduit dans les points d’eau et chasse des insectes.\n\nLe saviez-vous ? Contrairement à ce que l’on croit, ce sont les rainettes et non les crapauds que l’on entend chanter lors des nuits printanières.', 'Faible', 'Menaces : Dérangements humains, Comblement des points d’eau, Introduction de poissons dans les bassins.\nMa contribution pour la protéger : Je reste sur les sentiers. Je ne la dérange pas.', 'assets/img/natural_ressources/faune_terrestre/rainette-meridionale.png'),
(26, 'Sanglier (Sus scrofa)', 'Faune Terrestre', 'Garrigue et maquis', NULL, 'Le sanglier est un animal omnivore qui se nourrit principalement de végétaux qu’il déterre avec son groin. Il est prolifique, avec plusieurs portées par an, et ses populations nécessitent un suivi.\n\nLe saviez-vous ? Le sanglier n’a pas de prédateurs naturels en dehors de l’homme.', 'Faible', 'Comportements à adopter : Ne nourrissez pas ces animaux, emportez vos déchets. Ne vous en approchez pas, effarouchez-les en faisant du bruit.', 'assets/img/natural_ressources/faune_terrestre/sanglier.png'),
(27, 'Renard roux (Vulpes vulpes)', 'Faune Terrestre', 'Garrigue et maquis, Forêts', NULL, 'Le renard roux est un prédateur opportuniste qui se nourrit de rongeurs, lapins, insectes et fruits. Il s’adapte à de nombreux environnements et modifie son régime alimentaire selon les saisons.\n\nLe saviez-vous ? Le renard a une ouïe trois fois plus performante que celle de l’homme et un odorat 22 fois plus développé.', 'Faible', 'Menaces : Chasse, Pollutions, Modification de son environnement.\nMa contribution pour le protéger : Je ne tente pas de l’approcher si j’en croise un.', 'assets/img/natural_ressources/faune_terrestre/renard.png'),
(28, 'Axinelle commune (Axinella polypoides)', 'Faune Marine', 'Fonds rocheux, Coralligène', NULL, 'L’axinelle commune est une éponge de couleur jaune à orangé qui ressemble à un petit arbuste, mais sa forme peut varier car elle est modelée par l\'agitation de l\'eau et la force des courants. Comme toutes les autres éponges, l\'axinelle commune se nourrit et capte l\'oxygène en filtrant l’eau pour récupérer planctons et particules en suspensions. On peut l’observer de 15 à 100 mètres de profondeur.\n\nLe saviez-vous ? Les éponges sont des animaux primitifs qui sont apparus bien avant les dinosaures !', 'Moyen', 'Menaces : Arrachage, Destruction par des engins de pêche, Modification de son environnement, Changement climatique.\nMa contribution pour la protéger : Je ne dérange pas les animaux marins, je touche avec les yeux ! J’évite le contact avec le fond et avec les parois. J’évite les passages répétés et prolongés dans les grottes. Je signale tout événement environnemental inhabituel. Je récupère les déchets et les dépose dans les conteneurs adaptés à terre. Je ne ramène aucun souvenir du fond. J’informe et je sensibilise les autres usagers aux bonnes pratiques.', 'assets/img/natural_ressources/faune_marine/axinelle-commune.png'),
(29, 'Tortue caouanne (Caretta caretta)', 'Faune Marine', 'Pleine eau', NULL, 'Elle peut mesurer un mètre et peser 100 kg ! Elle est reconnaissable à sa carapace brun orangé sur le dessus, à sa grosse tête et son cou trapu. Elle se nourrit de petits poissons, mais aussi de mollusques et crustacés, dont elle casse la carapace grâce à sa mâchoire puissante. Les femelles ne pondent que toutes les deux ou trois saisons et rejoignent alors la terre, où elles creusent un trou profond dans le sable pour y déposer les œufs.\n\nLe saviez-vous ? Menacée d’extinction, la tortue caouanne souffre notamment de la pollution causée par les déchets plastiques présents en mer. Elle ingère accidentellement les sacs plastiques flottants qu’elle confond avec des méduses.', 'Fort', 'Menaces : Capture accidentelle, Raréfaction de ses proies, Ingestion de déchets plastiques, Collision avec les navires, Urbanisation des plages de ponte, Sensibilité à la pollution lumineuse lors de l’éclosion des œufs.\nMa contribution pour la protéger : Je ramène, je ramasse et je trie mes déchets. Je veille à limiter mon utilisation des emballages plastiques.', 'assets/img/natural_ressources/faune_marine/tortue-caouane.png'),
(30, 'Baudroie commune (Lophius piscatorius)', 'Faune Marine', 'Fonds meubles, Fonds rocheux', NULL, 'Si ce poisson unique en son genre ne peut être confondu avec un autre, il peut en revanche l’être avec les fonds marins. Son corps plat, brunâtre et marbré ressemble à s’y méprendre au sable et aux rochers sur lesquels il se pose. Cet as du camouflage peut même modifier sa couleur en fonction du milieu ! Adulte, elle peut mesurer entre 70 centimètres et deux mètres, et son poids avoisine les 40 kg, et jusqu’à 58 kg enregistrés pour l’individu le plus lourd !\n\nLe saviez-vous ? Le Monde de Nemo, film d’animation des studios Pixar sorti en 2003, montre notamment, dans une scène bien connue d’attaque dans les grandes profondeurs, une cousine de la baudroie commune : la baudroie abyssale.', 'Moyen', 'Menaces : Surpêche, pêche industrielle, chalutage et braconnage, Modification de son environnement, Pollutions.\nMa contribution pour la protéger : J’utilise les mouillages écologiques afin de limiter l’impact de l’ancrage sur les fonds marins. En cas de mouillage forain, je veille à mouiller hors des habitats marins fragiles et à remonter la chaîne en venant à l’aplomb de l’ancre. Je signale tout événement environnemental inhabituel. Je récupère les déchets et les dépose dans les conteneurs adaptés à terre.', 'assets/img/natural_ressources/faune_marine/baudroie.png'),
(31, 'Corail blanc (Madrepora oculata)', 'Faune Marine', 'Canyons sous-marins', NULL, 'Ce corail blanc pousse dans les eaux profondes, entre 80 et 1500 mètres de profondeur. Il est identifiable à la forme de son squelette dont les branches se développent en zigzag. Il peut former des massifs à la structure complexe, qui s’étendent sur des pans entiers de roche.\n\nLe saviez-vous ? Cette photographie de corail en zigzag a été réalisée par un ROV, un robot sous-marin, lors d’une campagne d’exploration du canyon de la Cassidaigne, dans le cœur marin du Parc national des Calanques.', 'Très Fort', 'Menaces : Destruction par des engins de pêche profonde, Pollutions, Changement climatique, Acidification des océans.\nMa contribution pour le protéger : Je signale tout événement environnemental inhabituel. Je récupère les déchets et les dépose dans les conteneurs adaptés à terre. J’informe et je sensibilise les autres usagers aux bonnes pratiques.', NULL),
(32, 'Corail rouge (Corallium rubrum)', 'Faune Marine', 'Canyons sous-marins, Coralligène, Grottes sous-marines', NULL, 'Le corail rouge se développe dans des fonds rocheux ombragés entre 5 et 700 mètres de profondeur. Il s’agit d’un animal invertébré formant des colonies composées de milliers d’individus de couleur blanche, appelés polypes. Ces colonies sont agencées par un squelette calcaire à la forme arborescente coloré rouge vif.\n\nLe saviez-vous ? Depuis des millénaires, le corail rouge de Méditerranée fait l’objet de toutes les convoitises.', 'Fort', 'Menaces : Exploitation humaine et arrachage, Destruction par des engins de pêche, Modification de son environnement, Changement climatique.\nActions de gestion : En Région Sud Provence-Alpes-Côte-d’Azur, cette pêche fait l’objet d’une autorisation délivrée par le Préfet de Région.\nMa contribution pour le protéger : J’utilise les mouillages écologiques afin de limiter l’impact de l’ancrage. Je signale tout événement environnemental inhabituel. Je ne ramène aucun souvenir du fond.', 'assets/img/natural_ressources/faune_marine/corail-rouge.png'),
(33, 'Corb (Sciaena umbra)', 'Faune Marine', 'Fonds rocheux', NULL, 'C’est un élégant poisson à l’allure nonchalante. Il est reconnaissable à ses écailles brunes aux beaux reflets métallisés ou dorés, à son dos bombé et à ses nageoires dorsale et caudale bordées d’un liseré noir. Sa taille varie entre 30 et 75 centimètres. C’est un poisson sédentaire, qui fréquente les eaux peu profondes, et qui vit en petits bancs, à l’abri d’un rocher ou d’une faille où il peut se cacher facilement.\n\nLe saviez-vous ? Le corb a la particularité d\'émettre des grognements quand il fait vibrer sa vessie natatoire !', 'Très Fort', 'Menaces : Surpêche.\nActions de gestion : Il bénéficie d\'un moratoire pour la pêche de loisir et la chasse sous-marine depuis janvier 2014. Mise en œuvre de zones de non prélèvement dans le cœur marin du Parc national.\nMa contribution pour le protéger : Je respecte le moratoire interdisant sa pêche.', 'assets/img/natural_ressources/faune_marine/corb.png'),
(34, 'Crénilabre paon (Symphodus tinca)', 'Faune Marine', 'Fonds rocheux, Herbier de Posidonie', NULL, 'Le mâle est en effet plus coloré que la femelle : vert jaune marqué de bandes horizontales ponctuées de rouge et de bleue pour le premier, brun grisâtre à lignes brun foncé pour la deuxième. Ils ont cependant deux taches sombres en commun. Ils peuvent modifier leurs couleurs en fonction de leur environnement pour se camoufler. Le crénilabre paon se nourrit de toutes sortes de petits invertébrés (vers, crustacés, oursins, bivalves…).\n\nLe saviez-vous ? Quand le crénilabre paon se tient à la verticale, immobile et la tête levée ou baissée, c’est le signal du nettoyage !', 'Faible', 'Menaces : Modification de son environnement, Pollutions.\nMa contribution pour le protéger : J’utilise les mouillages écologiques afin de limiter l’impact de l’ancrage sur les fonds marins.', 'assets/img/natural_ressources/faune_marine/crenilabre-paon.png'),
(35, 'Dauphin bleu et blanc (Stenella coeruleoalba)', 'Faune Marine', 'Pleine eau', NULL, 'Le dauphin bleu et blanc est reconnaissable aux stries noires et aux bandes blanches en forme de flammes qui partent de son œil et qui ornent ses flancs. C’est l’espèce de dauphin la plus commune en Méditerranée où il vit en groupes de quelques dizaines d’individus. Ce dauphin peut atteindre 2 mètres 20 pour un poids allant jusqu’à 100 kilos.\n\nLe saviez-vous ? Le dauphin bleu et blanc peut plonger durant 15 minutes et descendre jusqu’à 200 mètres de profondeur.', 'Moyen', 'Menaces : Pollution et modification de son environnement, Dérangements sonores liés au trafic maritime, Collision avec des navires, Capture accidentelle dans des filets, Ingestion de déchets plastiques.\nMa contribution pour le protéger : Je ne coupe pas la route des cétacés. Je reste à plus de 100 mètres. Je veille à limiter mon utilisation des emballages plastiques.', 'assets/img/natural_ressources/faune_marine/dauphin-bleu-blanc.png'),
(36, 'Dauphin de Risso (Grampus griseus)', 'Faune Marine', 'Pleine eau', NULL, 'Gris à la naissance, le dauphin de Risso se couvre au fil du temps de cicatrices blanches causées par les joutes amoureuses et d’autres activités sociales avec des congénères. Ce mammifère marin vit généralement en groupe d\'une dizaine d\'individus et chasse au large.\n\nLe saviez-vous ? Les marques blanches qui le recouvrent sont la preuve d\'une étroite relation entre les individus.', 'Faible', 'Menaces : Pollution et modification de son environnement, Dérangements sonores liés au trafic maritime, Collision avec des navires, Capture accidentelle dans des filets, Ingestion de déchets plastiques.\nMa contribution pour le protéger : Je ne coupe pas la route des cétacés. Je reste à plus de 100 mètres. Je ramène, je ramasse et je trie mes déchets.', 'assets/img/natural_ressources/faune_marine/dauphin-de-risso.png'),
(37, 'Dorade royale (Sparus aurata)', 'Faune Marine', 'Pleine eau, Herbier de Posidonie', NULL, 'Célèbre poisson que l’on retrouve en Méditerranée, en mer Noire et dans l’océan Atlantique, il arbore des flancs gris argenté qui irisent les faibles profondeurs. Son corps est ovale et mince, et sa mâchoire est bombée. On peut le rencontrer jusqu’à 150 mètres sous la surface.\n\nLe saviez-vous ? On dit que c’est un poisson « protandre », c’est-à-dire qu’il est d’abord mâle, puis, quand il a trois ans, devient femelle.', 'Faible', 'Menaces : Surpêche, Modification de son environnement, Pollutions.\nMa contribution pour la protéger : Je respecte la réglementation de pêche en vigueur. J’utilise les mouillages écologiques afin de limiter l’impact de l’ancrage sur les fonds marins.', 'assets/img/natural_ressources/faune_marine/daurade-royale.png'),
(38, 'Éponge carnivore (Lycopodina hypogea)', 'Faune Marine', 'Grottes sous-marines', NULL, 'L’éponge carnivore est un petit animal translucide qui mesure à peine deux centimètres et qui vit accroché aux parois de grottes sous-marines, à l’abri des remous et de la lumière. Contrairement aux autres éponges, elle ne se nourrit pas en filtrant l’eau, mais capture des petits crustacés avec des filaments garnis de crochets.\n\nLe saviez-vous ? Cette espèce a été découverte en 1992 par le biologiste marin Jean Vacelet.', 'Faible', 'Ma contribution pour la protéger : Je ne dérange pas les animaux marins, je touche avec les yeux ! J’évite le contact avec le fond et avec les parois.', 'assets/img/natural_ressources/faune_marine/eponge-carnivore.png'),
(39, 'Girelle royale (Coris julis)', 'Faune Marine', 'Fonds rocheux, Herbier de Posidonie, Pleine eau', NULL, 'Si la femelle est de couleur dominante brune avec une bande blanche sur le flanc, le mâle arbore une robe très colorée, avec un dos vert ou bleu et une bande orangée en zigzag sur les flancs. Tous les individus de plus de 18 centimètres sont des mâles. Il vit en grand nombre, à proximité des fonds rocheux ou des herbiers de Posidonie.\n\nLe saviez-vous ? Les juvéniles de girelles se nourrissent des parasites externes d’autres poissons qu’ils « nettoient ». ', 'Faible', 'Menaces : Surpêche, Modification de son environnement, Pollution.\nMa contribution pour la protéger : J’utilise les mouillages écologiques afin de limiter l’impact de l’ancrage sur les herbiers de Posidonie et le coralligène.', 'assets/img/natural_ressources/faune_marine/girelle.png'),
(40, 'Globicéphale noir (Globicephala melas)', 'Faune Marine', 'Pleine eau', NULL, 'Le globicéphale noir est un cétacé à dents qui peut mesurer jusqu’à six mètres et peser jusqu’à trois tonnes ! Il est aisément reconnaissable à son melon très proéminent, à sa couleur noire de jais et à son plastron blanc. Il se rencontre au large, où il se nourrit principalement de poissons et de calamars.\n\nLe saviez-vous ? Le globicéphale a une attitude parfois curieuse vis-à-vis des humains : à l’arrêt, la tête hors de l’eau, il semble nous espionner !', 'Faible', 'Menaces : Pollution et modification de son environnement, Dérangements sonores liés au trafic maritime, Collision avec des navires, Capture accidentelle dans des filets, Ingestion de déchets plastiques.\nMa contribution pour le protéger : Je ne coupe pas la route des cétacés. Je reste à plus de 100 mètres.', 'assets/img/natural_ressources/faune_marine/globicephale-noir.png'),
(41, 'Gorgone jaune (Eunicella cavolini)', 'Faune Marine', 'Fonds rocheux, Coralligène', NULL, 'La gorgone jaune apprécie les lieux ombragés et les tombants entre 5 et 100 mètres de profondeur. Son squelette à la forme arborescente mesure de 10 à 50 centimètres : il est constellé de petits trous dans lesquels vivent de minuscules animaux : les polypes.\n\nLe saviez-vous ? Les gorgones produisent des œufs, qui se transforment en petites larves. Emportées par le courant, elles seront à l’origine de nouvelles colonies.', 'Faible', 'Menaces : Exploitation humaine et arrachage, Destruction par des engins de pêche, Modification de son environnement, Changement climatique.\nMa contribution pour la protéger : J’utilise les mouillages écologiques afin de limiter l’impact de l’ancrage.', 'assets/img/natural_ressources/faune_marine/gorgone-jaune.png'),
(42, 'Gorgone pourpre (Paramuricea clavata)', 'Faune Marine', 'Coralligène', NULL, 'La gorgone pourpre est une espèce qu’on ne rencontre qu’en Méditerranée occidentale. Elle pousse perpendiculairement au courant afin de filtrer l\'eau pour y capturer des micro-organismes. Ses rameaux sont généralement rouges mais peuvent parfois être teintés de jaune à leurs extrémités.\n\nLe saviez-vous ? La croissance des gorgones est très lente, de un à trois centimètres par an, mais elles peuvent vivre plus de 50 ans.', 'Faible', 'Menaces : Arrachage, Destruction par des engins de pêche, Modification de son environnement, Changement climatique.\nMa contribution pour la protéger : J’utilise les mouillages écologiques afin de limiter l’impact de l’ancrage. Je ne dérange pas les animaux marins, je touche avec les yeux !', 'assets/img/natural_ressources/faune_marine/gorgone-pourpre.png'),
(43, 'Grand dauphin (Tursiops truncatus)', 'Faune Marine', 'Pleine eau', NULL, 'Le grand dauphin est reconnaissable à son « sourire » caractéristique, dû aux plis de son bec, et à sa couleur gris sombre assez uniforme. C’est l’un des plus grands dauphins, pouvant mesurer jusqu’à quatre mètres. Il vit en groupes, principalement le long des côtes.\n\nLe saviez-vous ? Le grand dauphin ne dort jamais complètement, une partie de son cerveau reste toujours en activité.', 'Faible', 'Menaces : Pollution, Dérangements sonores, Collision avec des navires, Capture accidentelle dans des filets, Ingestion de déchets plastiques.\nMa contribution pour le protéger : Je ne coupe pas la route des cétacés. Je reste à plus de 100 mètres. Je veille à limiter mon utilisation des emballages plastiques.', 'assets/img/natural_ressources/faune_marine/grand-dauphin.png'),
(44, 'Grande cigale de mer (Scyllarides latus)', 'Faune Marine', 'Fonds rocheux', NULL, 'La grande cigale peut atteindre 50 centimètres de long et peser plus d’un kilo ! Sa carapace brunâtre lui permet de se confondre avec le fond, mais ses antennes violettes trahissent son camouflage. Elle vit la nuit dans les éboulis rocheux, les grottes et parfois dans les herbiers de Posidonie.\n\nLe saviez-vous ? La cigale de mer peut parfois porter des petites algues ou des invertébrés fixés sur sa carapace, améliorant son camouflage !', 'Très Fort', 'Menaces : Surpêche, Pollutions, Modification de son environnement.\nMa contribution pour la protéger : Je respecte l’interdiction de pêche.', 'assets/img/natural_ressources/faune_marine/grande-cigale-de-mer.png'),
(45, 'Grande nacre (Pinna nobilis)', 'Faune Marine', 'Herbier de Posidonie', NULL, 'La grande nacre peut mesurer jusqu’à 1 mètre 20 et vit enfouie dans le sol, cachée entre les longues feuilles des herbiers de Posidonie. Elle se nourrit en filtrant l’eau pour capter les micro-organismes.\n\nLe saviez-vous ? La grande nacre a été longtemps exploitée par les Romains qui tissaient des vêtements avec ses filaments appelés byssus.', 'Très Fort', 'Menaces : Ancres des bateaux, Pollution, Dégradation des herbiers de Posidonie.\nMa contribution pour la protéger : Je mouille sur les fonds sableux pour préserver les herbiers de Posidonie.', 'assets/img/natural_ressources/faune_marine/grande-nacre.png'),
(46, 'Hippocampe moucheté (Hippocampus guttulatus)', 'Faune Marine', 'Fonds meubles, Herbiers de Posidonie', NULL, 'Le corps de l’hippocampe moucheté est recouvert de points blancs et son arrête dorsale surmontée d’excroissances. Il vit sur le fond de la mer, accroché aux algues et herbiers de Posidonie grâce à sa queue préhensile. Il se nourrit de micro-organismes qu’il aspire avec sa bouche en forme de pipette.\n\nLe saviez-vous ? Chez les hippocampes, c’est le père qui donne naissance aux petits !', 'Faible', 'Menaces : Modification de son environnement, Pollutions, Capture accidentelle, Prélèvements par des plongeurs.\nMa contribution pour le protéger : Je ne dérange pas les animaux marins, je touche avec les yeux !', 'assets/img/natural_ressources/faune_marine/hippocampe-mouchete.png'),
(47, 'Hippocampe à museau court (Hippocampus hippocampus)', 'Faune Marine', 'Fonds meubles', NULL, 'L’hippocampe à museau court peut mesurer jusqu’à 15 centimètres. Il vit sur les fonds sableux où il s’accroche aux végétaux avec sa queue préhensile. Il peut changer de couleur pour se camoufler dans son environnement.\n\nLe saviez-vous ? On rencontre souvent l’hippocampe allongé sur le sable, aspirant ses proies invisibles avec sa petite bouche en forme de pipette.', 'Faible', 'Menaces : Modification de son environnement, Pollutions, Capture accidentelle, Prélèvements par des plongeurs.\nMa contribution pour le protéger : J’utilise les mouillages écologiques pour préserver les habitats marins fragiles.', 'assets/img/natural_ressources/faune_marine/hippocampe-museau-court.png'),
(48, 'Mérou brun (Epinephelus marginatus)', 'Faune Marine', 'Fonds rocheux', NULL, 'Le mérou brun peut mesurer jusqu’à 1 mètre 50 de long et peser 50 kg. C’est un poisson robuste avec des yeux proéminents et une large mâchoire. Sa population a décliné en raison de la surpêche, mais le moratoire de 1993 a permis de protéger l’espèce.\n\nLe saviez-vous ? Le mérou brun est hermaphrodite : il naît femelle et devient mâle entre 10 et 14 ans.', 'Très Fort', 'Menaces : Surpêche.\nMa contribution pour le protéger : Je respecte le moratoire interdisant sa pêche.', 'assets/img/natural_ressources/faune_marine/merou-brun.png'),
(49, 'Oursin diadème (Centrostephanus longispinus)', 'Faune Marine', 'Fonds rocheux, Herbier de posidonie, Coralligène, Grottes sous-marines', NULL, 'L’oursin diadème possède de très longs piquants, qui peuvent mesurer plus de 10 centimètres. Il vit entre 15 et 200 mètres de profondeur, se déplaçant de nuit pour se nourrir. Lorsqu’il se sent menacé, il redresse ses piquants et les agite pour se défendre.\n\nLe saviez-vous ? Les piquants de cet oursin sont très fins et cassants. Ils peuvent se briser dans la chair des prédateurs, causant de fortes douleurs.', 'Faible', 'Menaces : Modification de son environnement, Pollutions, Capture accidentelle.\nMa contribution pour le protéger : Je ne dérange pas les animaux marins, je touche avec les yeux !', 'assets/img/natural_ressources/faune_marine/oursin-diademe.png'),
(50, 'Poisson-lune (Mola mola)', 'Faune Marine', 'Pleine eau', NULL, 'Avec son corps ovale, comprimé et tronqué à l’arrière, le poisson-lune ou môle possède une silhouette unique. Il peut atteindre trois mètres de long et peser deux tonnes. Il se nourrit principalement de méduses, salpes, crevettes et petits poissons.\n\nLe saviez-vous ? Le poisson-lune peut passer de longues heures à dériver, couché sur le flanc, en se faisant « dorer au soleil » pour se réchauffer.', 'Faible', 'Menaces : Pêche accidentelle, Modification de son environnement, Pollutions.\nMa contribution pour le protéger : Je respecte la règlementation de pêche en vigueur et j’utilise les mouillages écologiques.', 'assets/img/natural_ressources/faune_marine/poisson-lune.png'),
(51, 'Rorqual commun (Balaenoptera physalus)', 'Faune Marine', 'Pleine eau', NULL, 'Le rorqual commun est le deuxième plus grand animal vivant de la planète après la baleine bleue, pouvant atteindre 20 mètres de long pour 40 tonnes. Son souffle peut aller jusqu’à quatre mètres de haut, et c’est le plus bruyant des mammifères marins.\n\nLe saviez-vous ? Les collisions avec des navires sont la première cause de mortalité du rorqual commun en Méditerranée.', 'Faible', 'Menaces : Pollution, Dérangements sonores, Collisions avec des navires, Capture accidentelle dans des filets, Ingestion de déchets plastiques.\nMa contribution pour le protéger : Je ne coupe pas la route des cétacés. Je ramène, je ramasse et je trie mes déchets.', 'assets/img/natural_ressources/faune_marine/rorqual-commun.png'),
(52, 'Rouget-barbet de roche (Mullus surmuletus)', 'Faune Marine', 'Fonds rocheux, Herbier de Posidonie, Fonds meubles', NULL, 'Le rouget-barbet de roche se reconnaît à ses deux barbillons tactiles qu’il utilise pour fouiller le sol et repérer ses proies. Il mesure généralement entre 15 et 25 cm mais peut atteindre les 40 cm. On le rencontre principalement dans les fonds meubles et herbiers de Posidonie.\n\nLe saviez-vous ? Son cousin, le rouget-barbet de vase, a un front plus vertical et une nageoire dorsale incolore.', 'Faible', 'Menaces : Surpêche, Modification de son environnement, Pollution.\nMa contribution pour le protéger : Je respecte la règlementation de pêche en vigueur et j’utilise les mouillages écologiques.', 'assets/img/natural_ressources/faune_marine/rouget-barbet.png'),
(53, 'Ail petit Moly (Allium chamaemoly)', 'Flore Terrestre', 'Garrigue littorale, Pelouses', 'Décembre à mars', 'Protégé et rare, l’ail petit Moly fleurit dès décembre. Ses feuilles sortent à l’automne et sa floraison blanche intervient de décembre à mars. C’est une espèce rare en France, menacée par l’urbanisation et les espèces invasives.', 'Fort', 'Menaces : Urbanisation, Espèces invasives.\nMa contribution : Je reste sur les sentiers, son prélèvement est interdit.', 'assets/img/natural_ressources/flore_terrestre/ail-petit-moly.png'),
(54, 'Anthyllis faux-cytise (Anthyllis cytisoides)', 'Flore Terrestre', 'Maquis', 'Mars à mai', 'L’anthyllis faux-cytise est une plante protégée qui pousse uniquement dans les falaises entre Cassis et la Ciotat. Elle se pare de fleurs jaunes au printemps.', 'Très Fort', 'Menaces : Piétinement, Travaux de débroussaillement.\nMa contribution : Je reste sur les sentiers et je touche uniquement avec les yeux.', 'assets/img/natural_ressources/flore_terrestre/anthyllis-faux-cytise.png'),
(55, 'Aphyllante de Montpellier (Aphyllanthes monspeliensis)', 'Flore Terrestre', 'Garrigue', 'Avril à juillet', 'L’aphyllante de Montpellier est une plante commune de la garrigue, sans feuilles, qui fleurit de bleu-violet au printemps.', 'Moyen', 'Ma contribution : Je reste sur les sentiers et je touche uniquement avec les yeux.', 'assets/img/natural_ressources/flore_terrestre/aphyllante-montpellier.png'),
(56, 'Thymélée (Thymelaea tartonraira)', 'Flore Terrestre', 'Phrygane, Garrigue littorale', 'Mars à mai', 'La thymélée est un petit arbrisseau argenté aux fleurs jaunes odorantes, qui pousse en bord de mer.', 'Fort', 'Menaces : Piétinement, Embruns pollués.\nMa contribution : Je reste sur les sentiers et je touche uniquement avec les yeux.', 'assets/img/natural_ressources/flore_terrestre/thymelee-tartonraire.png'),
(57, 'Arbousier (Arbutus unedo)', 'Flore Terrestre', 'Garrigue et maquis', 'Octobre à janvier', 'L’arbousier est un arbre typiquement méditerranéen aux baies rouges et orangées, et aux fleurs blanches en automne.', 'Moyen', 'Ma contribution : Je reste sur les sentiers et je touche uniquement avec les yeux.', 'assets/img/natural_ressources/flore_terrestre/arbousier.png');
INSERT INTO `natural_ressources` (`ressource_id`, `name`, `type`, `location`, `floraison`, `description`, `level`, `precautions`, `image`) VALUES
(58, 'Astérisque maritime (Pallenis maritima)', 'Flore Terrestre', 'Phrygane, Garrigue littorale', 'Mai à juillet', 'L’astérisque maritime forme des coussins de fleurs jaunes accrochés aux rochers calcaires en bord de mer.', 'Fort', 'Menaces : Piétinement, Arrachage.\nMa contribution : Je reste sur les sentiers et je touche uniquement avec les yeux.', 'assets/img/natural_ressources/flore_terrestre/asterisque-maritime.png'),
(59, 'Astragale de Marseille (Astragalus tragacantha)', 'Flore Terrestre', 'Phrygane', 'Mai à juin', 'L’astragale de Marseille est une plante endémique des côtes provençales, résistante aux conditions extrêmes du littoral. Elle fleurit en coussinet blanc au printemps.', 'Très Fort', 'Menaces : Piétinement, Embruns pollués.\nMa contribution : Je reste sur les sentiers et je touche uniquement avec les yeux.', 'assets/img/natural_ressources/flore_terrestre/astragale-marseille.png'),
(60, 'Bruyère multiflore (Erica multiflora)', 'Flore Terrestre', 'Garrigue', 'Octobre à février', 'La bruyère multiflore est couverte de clochettes roses jusqu’à la fin de l’automne. Elle pousse dans la garrigue.', 'Moyen', 'Ma contribution : Je reste sur les sentiers et je touche uniquement avec les yeux.', 'assets/img/natural_ressources/flore_terrestre/bruyere_multiflore.png'),
(61, 'Genévrier oxycèdre (Juniperus oxycedrus)', 'Flore Terrestre', 'Garrigue', 'Mai', 'Le genévrier oxycèdre est un arbuste typiquement méditerranéen, connu pour ses aiguilles piquantes et ses baies rouges-brunes.', 'Moyen', 'Ma contribution : Je reste sur les sentiers et je touche uniquement avec les yeux.', NULL),
(62, 'Chêne vert (Querçus Ilex)', 'Flore Terrestre', 'Chênaie verte', 'Avril à mai', 'Le chêne vert, ou yeuse, est un arbre qui résiste bien aux fortes chaleurs et garde ses feuilles toute l’année.', 'Moyen', 'Ma contribution : Je reste sur les sentiers et je touche uniquement avec les yeux.', 'assets/img/natural_ressources/flore_terrestre/chene-vert.png'),
(63, 'Chêne kermès (Quercus coccifera)', 'Flore Terrestre', 'Garrigue', 'Avril à mai', 'Le chêne kermès est un buisson piquant de la garrigue, aux racines profondes qui lui permettent de repousser après un incendie.', 'Moyen', 'Ma contribution : Je reste sur les sentiers et je touche uniquement avec les yeux.', 'assets/img/natural_ressources/flore_terrestre/chene-kermes.png'),
(64, 'Chêne pubescent (Querçus pubescens)', 'Flore Terrestre', 'Chênaie verte', 'Septembre à novembre', 'Le chêne pubescent, ou chêne blanc de Provence, pousse dans les vallons et garde ses feuilles sèches en hiver, avant de les remplacer au printemps.', 'Faible', 'Ma contribution : Je reste sur les sentiers et je touche uniquement avec les yeux.', 'assets/img/natural_ressources/flore_terrestre/chene-pubescens.png'),
(65, 'Ciste cotonneux (Cistus albidus)', 'Flore Terrestre', 'Garrigue', 'Mai à juin', 'Le ciste cotonneux, aux feuilles couvertes de duvet, est une plante pionnière qui repousse rapidement après un incendie.', 'Moyen', 'Ma contribution : Je reste sur les sentiers et je touche uniquement avec les yeux.', 'assets/img/natural_ressources/flore_terrestre/ciste-cotonneux.png'),
(66, 'Ciste cotonneux (Cistus albidus)', 'Flore Terrestre', 'Garrigue', 'Mai à juin', 'Le ciste cotonneux doit son nom au duvet qui recouvre ses feuilles et ses tiges. Ses fleurs roses froissées ne durent qu’une journée et sont renouvelées chaque matin.', 'Moyen', 'Menaces : Incendies, Modification de l’environnement.\nMa contribution : Je reste sur les sentiers et je touche uniquement avec les yeux.', 'assets/img/natural_ressources/flore_terrestre/ciste-cotonneux.png'),
(67, 'Fenouil de mer (Crithmum maritimum)', 'Flore Terrestre', 'Rochers littoraux', 'Juin à septembre', 'Le fenouil de mer, ou criste marine, colonise les fissures rocheuses en bord de mer et se nourrit des embruns marins. Il forme des touffes de fleurs blanc-verdâtre.', 'Moyen', 'Ma contribution : Je reste sur les sentiers et je touche uniquement avec les yeux.', 'assets/img/natural_ressources/flore_terrestre/fenouil.png'),
(68, 'Figuier de Barbarie (Opuntia stricta, Opuntia engelmannii)', 'Flore Terrestre', 'Habitats littoraux', 'Mai à juillet', 'Plante invasive importée d’Amérique, le figuier de Barbarie colonise les habitats littoraux. Ses « raquettes » couvertes d’épines produisent des fleurs jaunes et des fruits comestibles.', 'Très Fort', 'Menaces : Invasion, Concurrence avec la flore locale.\nMa contribution : Je participe aux campagnes d’arrachage pour éviter sa prolifération.', 'assets/img/natural_ressources/flore_terrestre/figuier-de-barbarie.png'),
(69, 'Fragon (Ruscus aculeatus)', 'Flore Terrestre', 'Chênaie verte', 'Avril à mai', 'Le fragon est une plante toujours verte qui ressemble à un petit houx. Ses fleurs apparaissent sur des extensions aplaties de ses tiges et ses baies rouges sont toxiques.', 'Moyen', 'Ma contribution : Je reste sur les sentiers et je touche uniquement avec les yeux.', NULL),
(70, 'Genêt de Lobel (Genista lobelii)', 'Flore Terrestre', 'Crêtes', 'Mai à juillet', 'Le genêt de Lobel est une espèce endémique provençale qui pousse sur les crêtes rocheuses. Son coussin épineux se pare de fleurs jaunes au printemps.', 'Très Fort', 'Menaces : Piétinement, Changement climatique.\nMa contribution : Je reste sur les sentiers et je touche uniquement avec les yeux.', 'assets/img/natural_ressources/flore_terrestre/genet-de-lobel.png'),
(71, 'Griffe de sorcière (Carpobrotus)', 'Flore Terrestre', 'Habitats littoraux', 'Avril à mai', 'La griffe de sorcière est une plante grasse invasive qui forme des tapis verdoyants au bord de mer, ponctués de grandes fleurs jaunes ou magenta.', 'Très Fort', 'Menaces : Invasion, Concurrence avec les espèces locales.\nMa contribution : Je participe aux campagnes d’arrachage pour éviter sa prolifération.', 'assets/img/natural_ressources/flore_terrestre/griffe-sorciere.png'),
(72, 'Iris nain (Iris lutescens)', 'Flore Terrestre', 'Pelouses', 'Mars à mai', 'L’iris nain fleurit à ras le sol et ne dépasse pas 20 cm. Ses fleurs multicolores forment des tapis colorés au printemps.', 'Moyen', 'Ma contribution : Je reste sur les sentiers et je touche uniquement avec les yeux.', 'assets/img/natural_ressources/flore_terrestre/iris-nain.png'),
(73, 'Laurier-tin (Viburnum tinus)', 'Flore Terrestre', 'Chênaie verte, Pinède climacique', 'Décembre à avril', 'Le laurier-tin est un arbrisseau dense des sous-bois, qui produit des fleurs blanches en hiver suivies de baies bleues toxiques pour l’homme.', 'Moyen', 'Ma contribution : Je reste sur les sentiers et je touche uniquement avec les yeux.', 'assets/img/natural_ressources/flore_terrestre/laurier-tin.png'),
(74, 'Lavande stéchade (Lavandula stoechas)', 'Flore Terrestre', 'Maquis', 'Mars à juin', 'La lavande stéchade, aussi appelée lavande papillon, est reconnaissable à ses épis de fleurs violet sombre et à ses bractées violettes qui coiffent la plante.', 'Moyen', 'Ma contribution : Je reste sur les sentiers et je touche uniquement avec les yeux.', 'assets/img/natural_ressources/flore_terrestre/lavande-stechade.png'),
(75, 'Lys des sables (Pancratium maritimum)', 'Flore Terrestre', 'Garrigue littorale', 'Juillet à septembre', 'Le lys des sables, ou lys maritime, est une plante rare qui fleurit en été avec de magnifiques fleurs blanches parfumées. Elle pousse dans les sols sableux et salins.', 'Fort', 'Menaces : Cueillette, arrachage, piétinement.\nMa contribution : Je reste sur les sentiers, je touche uniquement avec les yeux, je ne le cueille pas.', 'assets/img/natural_ressources/flore_terrestre/lys-sable.png'),
(76, 'Barlie de Robert (Himantoglossum robertianum)', 'Flore Terrestre', 'Pelouses, Garrigue', 'Février à avril', 'Aussi appelée barlie de Robert, cette orchidée spectaculaire fleurit dès l’hiver. Elle peut mesurer jusqu’à 70 cm et attire les insectes par son parfum enivrant.', 'Moyen', 'Ma contribution : Je reste sur les sentiers et je touche uniquement avec les yeux.', 'assets/img/natural_ressources/flore_terrestre/orchis-geant.png'),
(77, 'Pin d\'Alep (Pinus halepensis)', 'Flore Terrestre', 'Chênaie verte, Pinède climacique', 'Mars à avril', 'Le pin d’Alep est l’arbre le plus présent dans les Calanques. Il est capable de croître dans des conditions difficiles et se régénère rapidement après un incendie.', 'Moyen', 'Ma contribution : Je reste sur les sentiers et je touche uniquement avec les yeux.', 'assets/img/natural_ressources/flore_terrestre/pin-dalep.png'),
(78, 'Romarin (Rosmarinus officinalis)', 'Flore Terrestre', 'Garrigue', 'Toute l’année', 'Le romarin est un arbrisseau méditerranéen aux tiges dressées et aux feuilles coriaces. Il fleurit presque toute l’année, surtout après les pluies d’automne.', 'Moyen', 'Ma contribution : Je reste sur les sentiers et je touche uniquement avec les yeux.', 'assets/img/natural_ressources/flore_terrestre/romarin.png'),
(79, 'Salsepareille (Smilax aspera)', 'Flore Terrestre', 'Chênaie verte, Pinède climacique, Garrigue et maquis', 'Août à octobre', 'La salsepareille est une liane épineuse qui pousse dans les sous-bois. Ses feuilles en forme de cœur et ses baies rouges sont toxiques, mais elle a des propriétés médicinales.', 'Moyen', 'Ma contribution : Je reste sur les sentiers et je touche uniquement avec les yeux.', 'assets/img/natural_ressources/flore_terrestre/salsepareille.png'),
(80, 'Corail zigzag (Madrepora oculata)', 'Faune Marine', 'Canyons sous-marins', NULL, 'Ce corail blanc pousse dans les eaux profondes, entre 80 et 1500 mètres de profondeur. Il est identifiable à la forme de son squelette dont les branches se développent en zigzag. Il peut former des massifs à la structure complexe, qui s’étendent sur des pans entiers de roche.', 'Très Fort', 'Menaces : Destruction par des engins de pêche profonde, Pollutions, Changement climatique, Acidification des océans. Ma contribution pour le protéger : Je signale tout événement environnemental inhabituel. Je récupère les déchets et les dépose dans les conteneurs adaptés à terre. J’informe et je sensibilise les autres usagers aux bonnes pratiques.', 'assets/img/natural_ressources/faune_marine/corail-zigzag.png'),
(81, 'Éponge caverne jaune (Axinella damicornis)', 'Faune Marine', 'Grottes sous-marines', NULL, 'L’éponge caverne jaune est une espèce de petite taille qui pousse sur les parois des grottes sous-marines. Elle est identifiable à sa couleur jaune vive et à sa capacité de coloniser les zones ombragées.', 'Fort', 'Menaces : Modification de son environnement, Destruction par des engins de pêche, Changement climatique. Ma contribution pour la protéger : Je ne dérange pas les animaux marins, je touche avec les yeux ! J’évite le contact avec les parois des grottes.', 'assets/img/natural_ressources/faune_marine/eponge-caverne-jaune.png'),
(82, 'Agave d\'Amérique (Agave americana)', 'Flore Terrestre', 'Habitats littoraux', 'Juillet à septembre', 'Originaire d’Amérique du Sud, l’agave a été introduit par l’homme comme plante d’ornement. Très compétitive, elle s’est échappée des jardins pour coloniser les espaces naturels où elle entre en concurrence avec les espèces locales. C’est une espèce exotique envahissante, au même titre que le figuier de Barbarie, la griffe de sorcière et la luzerne arborescente.', 'Moyen', 'J’enlève les agaves d’Amérique dans mon jardin et les remplace par des espèces locales. Je ne jette pas mes déchets de jardins dans la nature mais les dépose en déchetteries.', 'assets/img/natural_ressources/flore_terrestre/agave-amerique.png'),
(83, 'Cade (Juniperus oxycedrus)', 'Flore Terrestre', 'Garrigue', 'Mai', 'Le cade ou genévrier oxycèdre est un arbuste typiquement méditerranéen connu pour ses propriétés médicinales et odorantes. Il se différencie des autres genévriers par ses aiguilles piquantes marquées de deux bandes blanches sur la face supérieure. Ses fleurs, qui ont l’apparence de petits cônes verts, laissent place à des baies qui deviendront rouge-brun au bout de deux années de maturation.', 'Moyen', 'Je reste sur les sentiers. Je touche uniquement avec les yeux.', 'assets/img/natural_ressources/flore_terrestre/cade.png'),
(84, 'Algues calcaires des trottoirs (Lithophyllum byssoides)', 'Flore Marine', 'Trottoirs à lithophyllum', NULL, 'Le Lithophyllum est une algue calcaire rouge, de couleur rosée à blanchâtre, qui peut construire localement des corniches le long des rochers, au niveau de la zone de déferlement des vagues, et former des « trottoirs » aussi durs que de la roche. Il est revêtu de petites lamelles dressées et abrite de nombreuses alvéoles où vivent une multitude d’organismes.', 'Fort', 'Menaces : Changement climatique, Piétinement, Pollution, Aménagements littoraux.\nActions de gestion pour le conserver : Transplantation de boutures, Amélioration du traitement des eaux usées.\nMa contribution pour le protéger : Je ne piétine pas les zones où elle se développe. Je touche uniquement avec les yeux !', 'assets/img/natural_ressources/flore_marine/algues-calcaires-trottoirs.png'),
(85, 'Béret basque (Codium bursa)', 'Flore Marine', 'Fonds rocheux', NULL, 'Cette algue verte à la forme sphérique est recouverte d’un duvet poilu et peut atteindre 40 centimètres de diamètre. En plongée, on peut souvent en voir par dizaines, ballotées par le courant.', 'Faible', 'Ma contribution pour la protéger : Je touche avec les yeux ! Je signale tout événement environnemental inhabituel.', 'assets/img/natural_ressources/flore_marine/beret-basque.png'),
(86, 'Cystoseire stricte (Cystoseira amentacea)', 'Flore Marine', 'Zones rocheuses battues par les vagues', NULL, 'Amarrée fermement aux roches du littoral, cette algue forme des tapis végétaux roux qui ondulent à la surface de la mer. Elle héberge de nombreuses espèces et sert d’abri aux jeunes poissons.', 'Très Fort', 'Menaces : Piétinement, Destruction par les aménagements littoraux, Pollution.\nMa contribution pour la protéger : Je touche avec les yeux ! Je ne piétine pas les zones où elle se développe.', 'assets/img/natural_ressources/flore_marine/cystoseire.png'),
(87, 'Ombrelle de mer (Acetabularia acetabulum)', 'Flore Marine', 'Fonds rocheux', NULL, 'L\'ombrelle de mer se développe en groupe sur les dalles rocheuses bien éclairées et calmes. Elle forme des bouquets mesurant jusqu\'à 6 cm de haut, principalement au printemps et en été.', 'Faible', 'Ma contribution pour la protéger : Je touche avec les yeux ! J’évite le contact avec le fond.', 'assets/img/natural_ressources/flore_marine/ombrelle.png'),
(88, 'Padine (Padina pavonica)', 'Flore Marine', 'Fonds rocheux', NULL, 'La padine est une petite algue dont les frondes s’enroulent en éventail et se couvrent de calcaire. Elle est utilisée en cosmétique et présente une action bénéfique pour la protection de l’épiderme.', 'Faible', 'Menaces : Pollution.\nMa contribution pour la protéger : Je touche avec les yeux ! Je signale tout événement environnemental inhabituel.', 'assets/img/natural_ressources/flore_marine/padine.png'),
(89, 'Posidonie (Posidonia oceanica)', 'Flore Marine', 'Herbier de Posidonie', 'Août à novembre', 'La Posidonie est une plante marine qui forme des herbiers jouant un rôle écologique et économique majeur. Elle produit des fruits flottants appelés « olives de mer » et pousse lentement : un mètre en 100 ans.', 'Très Fort', 'Menaces : Destruction par les aménagements littoraux, Chalutage, Ancrages des bateaux, Espèces invasives, Pollution, Réchauffement climatique.\nActions de gestion pour le conserver : Gestion des mouillages, Amélioration du traitement des eaux usées.\nMa contribution pour la protéger : En cas de mouillage forain, je veille à mouiller hors des herbiers de Posidonie. Je veille à remonter la chaîne en venant à l’aplomb de l’ancre.', 'assets/img/natural_ressources/flore_marine/posidonie.png');

-- --------------------------------------------------------

--
-- Structure de la table `profile_icon`
--

DROP TABLE IF EXISTS `profile_icon`;
CREATE TABLE IF NOT EXISTS `profile_icon` (
  `icon_id` int NOT NULL AUTO_INCREMENT,
  `name` varchar(255) COLLATE utf8mb4_unicode_ci DEFAULT NULL,
  `description` text COLLATE utf8mb4_unicode_ci,
  `image` varchar(255) COLLATE utf8mb4_unicode_ci DEFAULT NULL,
  `km_done` float DEFAULT NULL,
  `status` tinyint(1) DEFAULT NULL,
  PRIMARY KEY (`icon_id`)
) ENGINE=InnoDB DEFAULT CHARSET=utf8mb4 COLLATE=utf8mb4_unicode_ci;

-- --------------------------------------------------------

--
-- Structure de la table `reports`
--

DROP TABLE IF EXISTS `reports`;
CREATE TABLE IF NOT EXISTS `reports` (
  `report_id` int NOT NULL AUTO_INCREMENT,
  `name` varchar(255) COLLATE utf8mb4_unicode_ci DEFAULT NULL,
  `description` text COLLATE utf8mb4_unicode_ci,
  `resource_id` int DEFAULT NULL,
  `user_id` int DEFAULT NULL,
  PRIMARY KEY (`report_id`),
  KEY `resource_id` (`resource_id`),
  KEY `user_id` (`user_id`)
) ENGINE=InnoDB DEFAULT CHARSET=utf8mb4 COLLATE=utf8mb4_unicode_ci;

-- --------------------------------------------------------

--
-- Structure de la table `reservations`
--

DROP TABLE IF EXISTS `reservations`;
CREATE TABLE IF NOT EXISTS `reservations` (
  `reservation_id` int NOT NULL AUTO_INCREMENT,
  `reservation_date` datetime DEFAULT NULL,
  `price` float DEFAULT NULL,
  `campsite_id` int DEFAULT NULL,
  `user_id` int DEFAULT NULL,
  PRIMARY KEY (`reservation_id`),
  KEY `campsite_id` (`campsite_id`),
  KEY `user_id` (`user_id`)
) ENGINE=InnoDB DEFAULT CHARSET=utf8mb4 COLLATE=utf8mb4_unicode_ci;

-- --------------------------------------------------------

--
-- Structure de la table `roles`
--

DROP TABLE IF EXISTS `roles`;
CREATE TABLE IF NOT EXISTS `roles` (
  `role_id` int NOT NULL AUTO_INCREMENT,
  `role` varchar(50) COLLATE utf8mb4_unicode_ci DEFAULT NULL,
  `user_id` int DEFAULT NULL,
  PRIMARY KEY (`role_id`),
  KEY `user_id` (`user_id`)
) ENGINE=InnoDB AUTO_INCREMENT=3 DEFAULT CHARSET=utf8mb4 COLLATE=utf8mb4_unicode_ci;

--
-- Déchargement des données de la table `roles`
--

INSERT INTO `roles` (`role_id`, `role`, `user_id`) VALUES
(1, 'admin', NULL),
(2, 'user', NULL);

-- --------------------------------------------------------

--
-- Structure de la table `trails`
--

DROP TABLE IF EXISTS `trails`;
CREATE TABLE IF NOT EXISTS `trails` (
  `trail_id` int NOT NULL AUTO_INCREMENT,
  `name` varchar(255) COLLATE utf8mb4_unicode_ci DEFAULT NULL,
  `difficulty` enum('Facile','Moyen','Difficile') COLLATE utf8mb4_unicode_ci DEFAULT NULL,
  `length_km` float DEFAULT NULL,
  `time` time DEFAULT NULL,
  `description` text COLLATE utf8mb4_unicode_ci,
  `status` varchar(100) COLLATE utf8mb4_unicode_ci DEFAULT NULL,
  `image` varchar(255) COLLATE utf8mb4_unicode_ci DEFAULT NULL,
  `infos` text COLLATE utf8mb4_unicode_ci,
  `acces` text COLLATE utf8mb4_unicode_ci,
  PRIMARY KEY (`trail_id`)
) ENGINE=InnoDB AUTO_INCREMENT=14 DEFAULT CHARSET=utf8mb4 COLLATE=utf8mb4_unicode_ci;

--
-- Déchargement des données de la table `trails`
--

INSERT INTO `trails` (`trail_id`, `name`, `difficulty`, `length_km`, `time`, `description`, `status`, `image`, `infos`, `acces`) VALUES
(1, 'Le tour de l’île de Ratonneau', 'Facile', 3.8, '01:15:00', 'Une boucle facile qui vous dévoilera un concentré des charmes de l\'archipel du Frioul. Nombreux vestiges archéologiques à découvrir. Le passage par la calanque de Saint-Estève est une invitation au farniente et à l\'exploration des petits fonds : n\'oubliez pas votre maillot de bain et votre masque de plongée !', NULL, 'assets/img/trails/tour-ratonneau.png', '1. Le départ s\'effectue depuis le quai où vous débarque la navette maritime. Prenez la route goudronnée dans la direction opposée au noyau villageois (vous y reviendrez à la fin de votre balade). Progressez jusqu\'à la plateforme agrémentée d\'un petit banc pour profiter d\'une belle vue sur Marseille.\n\n2. Reprenez votre parcours en cheminant sur le sentier longeant la calanque de Saint-Estève. Invitation à la baignade, la calanque de Saint-Estève est équipée d\'un sentier sous-marin en été. N\'hésitez pas à plonger la tête sous l\'eau et à suivre les bouées pour une visite guidée des petits fonds marins.\n\n3. Vous arrivez devant l\'hôpital Caroline : la visite du bâtiment n\'est pas possible mais vous pouvez en faire le tour pour admirer son architecture. Une fois le tour de l\'Hôpital effectué, rebroussez chemin en direction de la plage de la Calanque de Saint-Estève.\n\n4. À l\'embranchement, suivez le chemin s\'ouvrant sur votre droite en direction du fort de Ratonneau. En grimpant à travers le fort, essayez d\'identifier les différentes couches de son histoire : les pierres les plus anciennes datent du XVIe siècle et les plus récentes de l\'occupation allemande !\n\n5. Tournez en épingle sur la droite pour rejoindre le sommet du fort et ses étonnantes croix. Beau panorama sur l\'île de Ratonneau. Préparez-vous ensuite à la descente, notamment en empruntant une petite volée de marche. Cette partie du trajet permet d\'observer de nombreuses « forêts bonzaï » formées de pins d\'Alep poussant au ras du sol en raison de l\'action du vent.\n\n6. Rejoignez la route goudronnée que vous avez empruntée à l\'aller pour revenir à votre point de départ. En attendant la navette de retour, vous pouvez visiter le noyau villageois et ses petits commerces qui proposent des rafraîchissements !', 'Accès recommandé : Terminus de la navette Le bateau.'),
(2, 'Sur les traces d’Antoine Pellicé', 'Difficile', 4, '01:30:00', 'Partez sur les traces d’Antoine Pellicé, ancien Président des Excursionnistes Marseillais… Une randonnée courte mais qui grimpe bien ! De jolis points de vue sur le littoral sud de Marseille et vers le large.', 'active', 'assets/img/trails/sentier-president.png', 'Parcours\n1. Le départ s’effectue depuis l’arrêt de bus RTM Madrague de Montredon (ligne 19). Empruntez le chemin des Goudes sur 200 mètres et, avant la patte d’oie, tournez à gauche pour rejoindre le départ du sentier au double balisage noir / rouge et blanc qui grimpe rapidement dans les collines. Attention : quelques passages nécessitent de poser les mains.\n\n2. À la fourche, continuez sur le sentier noir / rouge et blanc, en ignorant les sentiers bleu et marron qui s’ouvrent sur votre droite. Progressez jusqu’au col de Brès où vous apprécierez la vue sur les Goudes, l’île Maïre et le large.\n\n3. Une fois passé le col de Brès, la descente sur les pentes du vallon de l’Agneau demande de progresser prudemment. Continuez votre progression sur le sentier au balisage noir / blanc et rouge, en ignorant les sentiers jaune et rouge que vous croiserez.\n\n4. Vous arrivez à la calanque de Callelongue : traversez le noyau villageois pour rejoindre le terminus de la ligne RTM 20 qui vous déposera à l’arrêt Madrague de Montredon, point de départ de la randonnée.', 'La Madrague-de-Montredon (8e arrondissement de Marseille). Accessible depuis le bus n°19.'),
(3, 'L’ascension du sommet de Béouveyre', 'Difficile', 4.6, '02:15:00', 'La superbe vue du sommet de Béouveyre se mérite ! Une randonnée avec une première partie de parcours marquée par un dénivelé important et quelques passages techniques.', NULL, 'assets/img/trails/sommet_de_beouveyre.png', '1. Le départ s’effectue depuis l’arrêt de bus RTM Madrague de Montredon (ligne 19). Empruntez le chemin des Goudes sur 200 mètres et, avant la patte d’oie, tournez à gauche pour rejoindre le départ du GR (balisage rouge et blanc) qui grimpe rapidement dans les collines.\n\n2. À l’embranchement, quittez le GR pour suivre le sentier marron en montant tout droit sur une centaine de mètres.\n\n3. À l’embranchement, continuez sur le chemin marron (le chemin bleu mène également au sommet mais la progression y est plus difficile). Attention : quelques passages nécessitent de poser les mains. Arrivé à un gros pierrier prendre le temps de repérer la balise marron et d’éviter le pierrier : des espèces fragiles protégées y poussent (la Sabline de Provence). Suivez le chemin jusqu’au sommet de Béouveyre.\n\n4. Profitez de la vue offerte depuis le sommet du Béouveyre avant de rebrousser chemin. Béouveyre signifie \"beau-voir\" en provençal. Ce sommet offre une magnifique vue panoramique sur l’Archipel de Riou, le Rocher de Saint-Michel, le rocher des Goudes, l’île Maïre, le cap Croisette, l’Archipel du Frioul et la Côte Bleue. De l’autre côté, vous pouvez observer le massif de l’Etoile, le massif du Garlaban, le mont Puget et le massif de Marseilleveyre.\n\n5. À l’embranchement, empruntez le sentier jaune qui redescend en direction du village des Goudes.\n\n6. À l’embranchement, prenez le GR à gauche.\n\n7. À l’embranchement, prenez le sentier rouge sur la droite jusqu’à arriver à l’entrée du village des Goudes.\n\n8. Rejoignez l’arrêt Les Goudes de la ligne 20 de la RTM.', 'La Madrague-de-Montredon (8e arrondissement de Marseille). Accessible depuis le bus n°19.'),
(4, 'Le tour du massif de Marseilleveyre', 'Difficile', 12, '05:00:00', 'Cette randonnée offre une grande diversité de paysages et de remarquables panoramas.', NULL, 'assets/img/trails/tour_massif_marseilleveyre.png', '1. Traverser la route pour prendre à gauche, devant le poste électrique, le sentier qui s’élève, atteint une croupe et longe une clôture. La quitter pour monter une zone rocheuse. Passer une cheminée d’évacuation et poursuivre par le sentier escarpé. Arrivé à une clôture de sécurité, grimper à droite sur le côté d’un éboulis, continuer à gauche par le sentier en dévers, descendre le ressaut rocheux, arriver près de la Roche Percée (située à gauche) et à un carrefour (jonction de tracés).\r\n\r\n2. Poursuivre (tracé noir). Le sentier tantôt en creux, tantôt sur des plaques rocheuses, traverse des parties boisées et mène dans le bois de la Selle.\r\n\r\n3. Monter (tracé vert) et atteindre, en quelques virages, le pas de la Selle.\r\n\r\n4. Le franchir, descendre à gauche (tracé vert) par le sentier rocailleux puis rocheux d’abord à flanc, puis au creux du vallon. Dépasser une vasque d’eau et gagner une intersection (tracé jaune). Continuer à droite par un agréable sentier (suite au feu de février 2013, l’itinéraire passe dans une forêt brûlée ; cette forêt est en train de se reconstituer, prendre bien soin de ne pas sortir du sentier) jusqu’à la calanque de Marseilleveyre.\r\n\r\n5. Prendre à droite (tracé noir et GR®) le chemin qui longe la mer, passer une petite habitation puis une ancienne batterie (à gauche). Le sentier devient plus rocheux, s’écarte de la côte, s’élève, domine la mer et visite le fond de la petite calanque de la Mounine. Poursuivre dans une zone rocheuse et arriver au petit port de Callelongue.\r\n\r\n6. Emprunter à droite l’avenue des Pébrons, bordée de cabanons, bifurquer à gauche, franchir la barrière et continuer le GR®. Le sentier en balcon contourne plusieurs vallons, puis franchit le pas Garrigue, avant d’atteindre le col de Brès.\r\n\r\n7. Poursuivre par le sentier qui franchit plusieurs ressauts rocheux aménagés et contourne encore quelques vallons. À une intersection (jonction de tracés), le sentier descend puis rejoint l’arrêt de bus.', 'La Madrague-de-Montredon (8e arrondissement de Marseille). Accessible depuis le bus n°19.'),
(5, 'De Pastré à Callelongue', 'Difficile', 6.5, '02:45:00', 'Une longue randonnée au départ du parc Pastré et à destination de Callelongue via le col de la Selle et le col de la Galinette.', NULL, 'assets/img/trails/pastre-callelongue.png', 'Parcours\n1. Le départ de la randonnée s’effectue depuis l’arrêt de bus Montredon – Pastré (ligne 19). Entrez dans le parc Pastré et remontez l’entrée principale. Au bout, prenez à gauche en direction du château Pastré et dépassez-le pour rejoindre l’entrée du Parc national des Calanques.\n\n2. Empruntez le sentier balisé en jaune qui s’enfonce dans le vallon des Trois Gancets. Vous poursuivrez le chemin jaune, jusqu’à votre arrivée à la calanque de Callelongue.\n\n3. En continuant votre progression sur le sentier jaune, soyez prudent : un passage délicat et escarpé se présente à vous. Continuez votre progression en direction du col de la Selle en profitant des panoramas sur la rade de Marseille et l\'archipel du Frioul.\n\n4. Rejoignez le col de la Galinette en profitant cette fois de vues sur le large, l’archipel de Riou et la calanque de Marseilleveyre.\n\n5. Une fois passé le col de la Galinette, le sentier amorce sa descente vers la calanque de Callelongue. Attention, descente abrupte sur les derniers mètres.\n\n6. Rejoignez le terminus de la ligne RTM 20 pour retourner en direction du centre-ville de Marseille.', 'La Madrague-de-Montredon (8e arrondissement de Marseille). Accessible depuis le bus n°19.'),
(6, 'La fontaine de Voire', 'Difficile', 7.5, '03:00:00', 'Cet itinéraire passe par la fontaine de Voire, lieu de légende, puis conduit au sommet Ouest de l’Homme Mort par des sentiers escarpés, dans un site sauvage, jusqu’à l’un des plus beaux points de vue des Calanques du massif de Marseilleveyre sur les calanques.', NULL, 'assets/img/trails/fontaine_de_voire.png', '1. 50 mètres après l’arrêt du bus, au rond-point de la Jarre, emprunter à droite le boulevard Pierotti jusqu’au bout de la route. Après une barrière, à la fourche, poursuivre à droite par la piste DFCI CQ 101 du vallon boisé de la Jarre (balisage rouge). Après une légère montée, franchir la barrière et arriver à la fontaine de Voire (aménagée dans une baume). S’engager dans de petites gorges et atteindre la clairière.\n\n2. Monter à gauche. Le sentier s’élève fortement sur un escarpement rocheux, contourne un mamelon et s’oriente au sud. Gravir le défilé rocheux et aboutir à une intersection, en corniche.\n\n3. Suivre le sentier à droite, gravir une zone rocheuse, continuer sur la crête escarpée, puis descendre au fond du vallon de l’Homme Mort (jonction avec le tracé vert).\n\n4. Couper le tracé vert et grimper dans une zone rocheuse. Après une succession de montées et descentes, aboutir à une intersection (jonction avec le tracé bleu du plateau de l’Homme Mort ; panorama sur la rade de Marseille et les îles).\n\n5. Tourner à droite, longer le plateau qui surplombe le Malvallon, atteindre le sommet ouest de l\'Homme Mort (374 mètres) et descendre un ressaut rocheux (prudence). Le sentier, balisé en bleu désormais, conduit au pas de la Selle.\n\n6. 20 mètres avant le col de la Selle, amorcer la descente à droite avec le tracé vert. Après quelques lacets, atteindre le bois de la Selle et un croisement (jonction des tracés jaune, vert et noir).\n\n7. Descendre (tracés jaune et rouge) et traverser la zone boisée. Poursuivre jusqu’à une fourche.\n\n8. Virer à droite (tracé rouge). Après un passage en corniche et une descente sur des plaques rocheuses, retrouver la clairière.', 'La Cayolle (9e arrondissement de Marseille). Accessible par le bus n°23 arrêt Jarre.'),
(7, 'Les monts de Luminy', 'Facile', 6, '02:00:00', 'Cette promenade sur de larges chemins offre un bon aperçu du massif des Calanques.', NULL, 'assets/img/trails/monts_de_luminy.png', '1. Se diriger vers le fond du parking, franchir la barrière et arriver à une fourche.\n\n2. Partir à droite en direction de Morgiou (vue sur le mont Puget à gauche). Rester sur la piste principale. Dans une agréable pinède, elle s’élève progressivement en lacets jusqu’à une intersection de trois pistes (citerne n° 67 ; panorama sur la ville de Marseille).\n\n3. Continuer la montée avec la piste centrale. Elle s’oriente au sud, dessine une grande courbe vers l’ouest, revient vers le sud et mène à une fourche.\n\n4. Poursuivre par le chemin de gauche. Il s’élève et, après un lacet, rejoint le sommet du mont Luminy (289 mètres ; vue sur les îles Plane, Riou et le massif du Puget). Le chemin redescend légèrement. Continuer sur cette voie, éviter le tracé jaune qui coupe les virages et remonter jusqu’à la crête des Escampons (286 m). Après un lacet, la piste parcourt la crête.\n\n5. Dans le virage, laisser les tracés jaune et vert et descendre la piste à gauche. Ignorer deux pistes à droite. Arriver sur une croupe, continuer à gauche sur le chemin principal en ignorant les autres chemins pour arriver à la citerne DFCI (Défense des Forêts Contre l’Incendie) 282.\n\n6. Descendre à droite dans le vallon des Trois-Gonfronts. Rester sur la voie principale. Elle remonte à gauche et ramène à la fourche de l’aller.\n\n7. Regagner le point de départ.', 'Luminy à 10 km au sud-est du centre-ville de Marseille. Accessible par le bus B1 – direction Campus de Luminy, arrêt Luminy – PN des Calanques.'),
(8, 'Le tour du mont Puget', 'Difficile', 12, '04:30:00', 'Cette randonnée vous entraîne sur les hauteurs de l’imposant massif du Puget qui domine le domaine de Luminy et offre des points de vue sur l’arrière-pays.', NULL, 'assets/img/trails/tour_mont_puget.png', '1. Se diriger vers le sud pour franchir la barrière DFCI CQ 109 d’accès au massif et emprunter le large chemin qui longe les bâtiments de l’université (panneaux d’information sur le massif des Calanques) et continue dans une belle pinède vallonnée. \n\n 2. Laisser le sentier qui part à droite (jaune pointillé) vers la calanque de Morgiou et continuer tout droit par la piste jusqu’à l’intersection de chemin du col de Sugiton (citerne DFCI N°65). \n\n 3. Monter par la piste à gauche sur 400m (balisage bleu). Marchez jusqu’à arriver à la borne DFCI CQ202, puis suivre le balisage pointillé rouge qui monte à droite (chemin du Centaure). Continuez sur la piste pointillé rouge jusqu’à ce qu’il redescende et rencontre un tracé rouge. \n\n 4. Continuer la descente (tracé rouge). Le tracé quitte la piste pour passer à droite, dans un sentier qui s’engage dans un vallon et mène au puits de Cancel (jonction des tracés bleu, vert et vert pointillé). \n\n 5. Face à un rocher, partir à gauche (balisage rouge, vert et bleu). Le sentier caillouteux remonte le vallon de l’Herbe et pénètre dans de petites gorges rocheuses. La végétation devient plus rare, puis le vallon s’élargit. Arriver à une fourche. \n\n 6. Bifurquer sur le sentier à droite (balisage vert). Il monte à flanc en balcon, quitte le vallon de l’Herbe et s’oriente vers la mer. À la jonction avec le tracé vert pointillé qui vient du vallon de Sainte Marthe, continuer à gauche et arriver à une intersection (jonction des tracés vert et jaune ; direction col de la Candelle). \n\n 7. Suivre à droite (tracés vert, blanc-rouge et jaune) par le sentier de crête, rocheux et escarpé, jusqu’au col de la Candelle. \n\n 8. Prendre à droite le sentier des « treize contours ». Il descend en balcon, parfois brusquement, contourne plusieurs vallons et arrive au « grand éboulis ». Le descendre (prudence) en restant le plus près possible de la partie rocheuse. En bas de l’éboulis, continuer par le sentier et aboutir sur une piste. \n\n 9. La suivre à droite (tracés vert et jaune) et retrouver le col de Sugiton. Par l’itinéraire de l’aller, regagner le point de départ.', 'Luminy à 10 km au sud-est du centre-ville de Marseille. Accessible par le bus B1 – direction Campus de Luminy, arrêt Luminy – PN des Calanques.'),
(9, 'Le tour du belvédère d’En-Vau', 'Difficile', 15, '03:45:00', 'Cette randonnée emprunte le vallon d’En-Vau pour atteindre un belvédère naturel qui surplombe la calanque.', NULL, 'assets/img/trails/tour_belvedere_en_vau.png', '1. Suivre la route Gaston Rébuffat sur 300 mètres. Bifurquer à gauche, puis prendre le sentier qui descend à droite assez brusquement. Emprunter la route à gauche, dépasser le mémorial Gaston Rébuffat (1921-1981), pénétrer dans le domaine de Gardiole et, 50 mètres après, monter à gauche. Le sentier coupe la route deux fois avant d’atteindre le site de la Gardiole. \n\n 2. Continuer par la route et utiliser à droite le sentier qui évite les virages. Avant la maison forestière, partir à droite sur la voie qui la contourne. Au carrefour, poursuivre par la piste à droite (tracés brun et rouge). Elle descend en lacets dans le vallon d’En-Vau.\n\n3. Au croisement (séparation des tracés), suivre la piste à droite sur 20 mètres, puis grimper à gauche par le sentier rocheux qui mène sur un plateau. Rester sur le chemin jusqu’au col de l’Oule (citerne 243 ; jonction avec les tracés bleu, vert et le GR®).\n\n4. Emprunter le chemin (bleu) qui s’oriente au sud (points de vue) puis atteint le belvédère naturel qui domine la calanque d’En-Vau (la vue sur la calanque bordée de hautes falaises est unique).\n\n5. Par le même itinéraire, revenir au col de l’Oule. Descendre à droite de la citerne (GR® et tracé vert) par le chemin rocailleux qui aboutit dans le vallon d’En-Vau. Suivre à droite ce vallon encaissé et bordé de végétation.\n\n6. Attention travaux : suivre la déviation en empruntant la piste en direction de l\'auberge de la Fontasse. Au croisement avec le sentier pointillé rouge, prendre à droite. Au prochain croisement, prendre le sentier bleu à droite. Si vous souhaitez découvrir la Calanque d’En-Vau, poursuivre sur le sentier rouge à droite (Comptez 30 minutes supplémentaires et une trentaine de mètre de dénivelé en plus), remonter le vallon puis suivre la déviation.\n\n7. Emprunter le chemin bleu à gauche (vue remarquable sur la rade de Cassis et les falaises Soubeyranes). Passer le domaine de Fontasse et poursuivre sur 300 mètres.\n\n8. Prendre à gauche le chemin qui évite les virages de la piste, puis continuer à gauche par la piste jusqu’au col de la Gardiole.', 'Se garer au parking du Logisson, à 16 km au sud-est du centre-ville de Marseille par la D 559 (route de la Gineste, direction Cassis).'),
(10, 'Le plateau d\'En-Vau', 'Moyen', 8, '03:00:00', 'Après les calanques de Port-Miou et Port-Pin, le sentier s’élève sur le plateau qui surplombe la calanque d’En-Vau.', NULL, 'assets/img/trails/plateau-envau.png', '1. Suivre le sentier parallèle à l’avenue Notre-Dame, qui descend à gauche en direction du centre-ville (nord-est). En face du n°15, descendre à gauche (balisage vert).\n\n2. Emprunter l’avenue des Calanques à gauche sur 200 mètres, puis tourner à gauche sur le chemin qui longe l’ancienne carrière Solvay (carrière active entre 1900 et 1981 pour exploiter le calcaire utilisé dans la fabrication de la chaux) et monter sur le plateau. Juste après un virage, s’engager à gauche sur le sentier de crête qui descend vers la presqu’île Cacau, puis utiliser le sentier aménagé qui descend à droite dans la calanque de port-Pin.\n\n3. Au fond de la petite calanque, prendre le sentier à gauche (balisé en bleu). Il longe puis domine la calanque jusqu’à la pointe d’En-Vau. Reprendre la montée, passer devant le refuge du Piolet (échappées sur les falaises abruptes d’En-Vau) et poursuivre par le sentier bien aménagé qui s’oriente progressivement nord/nord-ouest pour longer le plateau (panorama sur la mer, les îles, la Grande Candelle). Le sentier s’oriente à l’est, devient chemin. À une fourche, descendre à gauche pour atteindre une intersection.\n\n4. Descendre à droite par le GR® (balisage blanc-rouge, tracés vert et bleu) vers la calanque de port-Pin. Le sentier, par endroits, rocheux, traverse une végétation rase (la vue s’étend sur la rade de Cassis). Continuer la descente et retrouver le fond de la calanque de Port-Pin.\n\n5. Par l’itinéraire de l’aller, regagner le point de départ.', 'Cassis, presqu’île de Port-Miou, au sud-ouest de la ville. Accessible après le terminus de la navette.'),
(11, 'Le sentier du Petit Prince', 'Facile', 1.7, '00:00:30', 'Une boucle très facile autour de la presqu’île de Cassis qui offre de superbes vues sur la calanque de Port-Miou et sur le cap Canaille. Le nom du sentier est un hommage à Antoine de Saint-Exupéry, dont on a longtemps cru que l’avion s’était échoué au large de Cassis.', NULL, 'assets/img/trails/sentier_petit_prince.png', '1. Le départ de la balade se situe au croisement de l’avenue Notre-Dame et de l’avenue de la Plage Bleue, là où se trouve le panneau d’accueil du Parc national des Calanques. Le cheminement se suit très facilement, notamment grâce à des plaques émaillées qui permettent d’en savoir plus sur les Calanques et l’histoire des lieux.\r\n\r\n2. Le chemin se divise en deux branches, suivez celle de droite pour faire une petite boucle et revenir à l’embranchement.\r\n\r\n3. Prenez à droite pour explorer le chemin que vous aviez ignoré plus tôt. Passage devant Notre-Dame de Bon Voyage. \r\n\r\n4. Une fois arrivé sur le petit parking, longez le tennis en profitant de la vue sur le cap Canaille et, si vous le souhaitez, des grandes dalles rocheuses de la Plage Bleue.\r\n\r\n5. Prenez la route menant au parking boisé de la presqu’île. \r\n\r\n6. Prenez le petit chemin qui monte sur votre gauche et tournez à droite quand vous l’aurez remonté pour retourner au point de départ de la balade.', 'Arrêt Presqu’île de la navette Parking-relais des Gorguettes en direction des Calanques.'),
(12, 'Le tour du sémaphore du bec de l\'Aigle', 'Moyen', 8, '02:40:00', 'Le sémaphore du bec de l’Aigle domine La Ciotat et l’île Verte. Une belle balade sur les hauteurs de la ville.', NULL, 'assets/img/trails/tour_semaphore_bec_aigle.png', '1. Emprunter l’avenue du Mugel, puis suivre à droite l’avenue de Figuerolles et à gauche le chemin de la Garde jusqu’à l’intersection des deux routes.\n\nHors itinéraire vers Notre-Dame de la Garde (20 min aller et retour) : suivre à gauche la traverse de la Garde et le chemin aménagé qui conduit à la chapelle.\n\n2. Continuer tout droit le chemin du Sémaphore qui monte progressivement. Rester à droite lorsque la route s’écarte à gauche. Continuer 100 mètres.\n\n3. Deux chemins sont visibles, suivre le balisage jaune et prendre le chemin qui monte à droite. Devant un panneau « propriété privée », prendre à gauche le sentier en balcon qui longe un muret de pierres, puis des barres rocheuses. Suivre le tracé jaune en direction du sémaphore en ignorant les autres sentiers. Passer devant le sémaphore, suivre à droite le sentier qui le contourne pour arriver à la route des Crêtes. La traverser pour accéder à la table d’orientation. Longer la route puis la traverser.\n\n4. Se diriger à droite vers « La Ciotat par la chapelle Sainte-Croix ». Rester sur la crête (tracé jaune). Elle s’oriente progressivement vers le sud-est. Longer des murs de pierres pour aboutir à la chapelle Sainte-Croix (ruines).\n\n5. Descendre le chemin de Sainte-Croix, traverser une avenue pour prendre les escaliers. Suivre l’avenue de la Pétanque (cimetière à droite) puis l’avenue Galliéni, la place des Esquiros et la rue Gueymard à droite. Longer à droite le Vieux-Port vers les Calanques et le point de départ.', 'La Ciotat, à 26 km à l’est de Marseille par l’A50. Accessible en train puis en bus.'),
(13, 'Le grand tour du Mugel', 'Facile', 2.4, '01:00:00', 'Une randonnée qui ne présente pas de difficulté majeure et qui vous fera découvrir tous les charmes du Mugel et du bec de l’Aigle. Criques enchanteresses, jardin extraordinaire et belvédère offrant des vues à couper le souffle : tout y est ! Attention cependant, le littoral est surfréquenté l\'été. Les amateurs de calme passeront leur tour ou reviendront hors saison.', NULL, 'assets/img/trails/grand_tour_du_mugel.png', '1. Le départ de la randonnée s’effectue depuis le parking du Mugel. Rejoignez l’entrée du parc botanique du Mugel en longeant la plage du Grand Mugel. \r\n    2. Gardez votre gauche en entrant dans le parc du Mugel, de façon à longer le littoral. Au bout du chemin, admirez la vue sur l’anse du Sec puis retournez sur vos pas pour vous diriger en direction de la maison abandonnée qui surplombe l’anse du Sec. \r\n    3. Prenez à gauche pour profiter d’une nouvelle vue impressionnante sur l’anse du Sec. Progressez prudemment. L’accès au belvédère de l’anse du Sec n’est pas conseillé aux personnes souffrant de vertige. Retournez sur vos pas pour reprendre votre progression dans le sens de la montée. \r\n    4. Prenez à gauche pour aller voir l’impluvium du Mugel de plus près, puis retournez sur vos pas. \r\n    5. Reprenez votre progression en direction du belvédère du bec de l’Aigle. La montée est courte mais le sentier grimpe rapidement, vous serez néanmoins récompensé par la vue ! Redescendez ensuite par le chemin par lequel vous êtes arrivé. \r\n    6. Tournez à gauche et dirigez-vous vers la sortie du parc du Mugel. N’hésitez pas à flâner et à vous perdre dans les allées de ce jardin à la végétation luxuriante. \r\n    7. Une fois la sortie du parc du Mugel atteinte, le retour s’effectue par le même chemin qu’à l’aller.', 'Parking du Mugel. En période estivale, le parking et les alentours sont saturés : rendez-vous au début de l\'itinéraire à pied ou en transports.');

-- --------------------------------------------------------

--
-- Structure de la table `users`
--

DROP TABLE IF EXISTS `users`;
CREATE TABLE IF NOT EXISTS `users` (
  `user_id` int NOT NULL AUTO_INCREMENT,
  `role` varchar(50) COLLATE utf8mb4_unicode_ci DEFAULT NULL,
  `lastname` varchar(255) COLLATE utf8mb4_unicode_ci DEFAULT NULL,
  `firstname` varchar(255) COLLATE utf8mb4_unicode_ci DEFAULT NULL,
  `mail` varchar(255) COLLATE utf8mb4_unicode_ci DEFAULT NULL,
  `password` varchar(255) COLLATE utf8mb4_unicode_ci DEFAULT NULL,
  `phone` varchar(20) COLLATE utf8mb4_unicode_ci DEFAULT NULL,
  `address` varchar(255) COLLATE utf8mb4_unicode_ci DEFAULT NULL,
  `city` varchar(100) COLLATE utf8mb4_unicode_ci DEFAULT NULL,
  `zipcode` int DEFAULT NULL,
  `registration_date` datetime DEFAULT NULL,
  PRIMARY KEY (`user_id`)
) ENGINE=InnoDB DEFAULT CHARSET=utf8mb4 COLLATE=utf8mb4_unicode_ci;

-- --------------------------------------------------------

--
-- Structure de la table `users_icons`
--

DROP TABLE IF EXISTS `users_icons`;
CREATE TABLE IF NOT EXISTS `users_icons` (
  `user_id` int NOT NULL,
  `icon_id` int NOT NULL,
  PRIMARY KEY (`user_id`,`icon_id`),
  KEY `icon_id` (`icon_id`)
) ENGINE=InnoDB DEFAULT CHARSET=utf8mb4 COLLATE=utf8mb4_unicode_ci;

-- --------------------------------------------------------

--
-- Structure de la table `users_trails`
--

DROP TABLE IF EXISTS `users_trails`;
CREATE TABLE IF NOT EXISTS `users_trails` (
  `user_id` int NOT NULL,
  `trail_id` int NOT NULL,
  `trail_done` tinyint(1) DEFAULT NULL,
  PRIMARY KEY (`user_id`,`trail_id`),
  KEY `trail_id` (`trail_id`)
) ENGINE=InnoDB DEFAULT CHARSET=utf8mb4 COLLATE=utf8mb4_unicode_ci;

--
-- Contraintes pour les tables déchargées
--

--
-- Contraintes pour la table `landmarks_trails`
--
ALTER TABLE `landmarks_trails`
  ADD CONSTRAINT `landmarks_trails_ibfk_1` FOREIGN KEY (`landmark_id`) REFERENCES `landmarks` (`landmark_id`) ON DELETE CASCADE,
  ADD CONSTRAINT `landmarks_trails_ibfk_2` FOREIGN KEY (`trail_id`) REFERENCES `trails` (`trail_id`) ON DELETE CASCADE;

--
-- Contraintes pour la table `membership`
--
ALTER TABLE `membership`
  ADD CONSTRAINT `membership_ibfk_1` FOREIGN KEY (`user_id`) REFERENCES `users` (`user_id`) ON DELETE CASCADE;

--
-- Contraintes pour la table `reports`
--
ALTER TABLE `reports`
  ADD CONSTRAINT `reports_ibfk_1` FOREIGN KEY (`resource_id`) REFERENCES `natural_ressources` (`ressource_id`) ON DELETE CASCADE,
  ADD CONSTRAINT `reports_ibfk_2` FOREIGN KEY (`user_id`) REFERENCES `users` (`user_id`) ON DELETE CASCADE;

--
-- Contraintes pour la table `reservations`
--
ALTER TABLE `reservations`
  ADD CONSTRAINT `reservations_ibfk_1` FOREIGN KEY (`campsite_id`) REFERENCES `campsite` (`campsite_id`) ON DELETE CASCADE,
  ADD CONSTRAINT `reservations_ibfk_2` FOREIGN KEY (`user_id`) REFERENCES `users` (`user_id`) ON DELETE CASCADE;

--
-- Contraintes pour la table `roles`
--
ALTER TABLE `roles`
  ADD CONSTRAINT `roles_ibfk_1` FOREIGN KEY (`user_id`) REFERENCES `users` (`user_id`) ON DELETE CASCADE;

--
-- Contraintes pour la table `users_icons`
--
ALTER TABLE `users_icons`
  ADD CONSTRAINT `users_icons_ibfk_1` FOREIGN KEY (`user_id`) REFERENCES `users` (`user_id`) ON DELETE CASCADE,
  ADD CONSTRAINT `users_icons_ibfk_2` FOREIGN KEY (`icon_id`) REFERENCES `profile_icon` (`icon_id`) ON DELETE CASCADE;

--
-- Contraintes pour la table `users_trails`
--
ALTER TABLE `users_trails`
  ADD CONSTRAINT `users_trails_ibfk_1` FOREIGN KEY (`user_id`) REFERENCES `users` (`user_id`) ON DELETE CASCADE,
  ADD CONSTRAINT `users_trails_ibfk_2` FOREIGN KEY (`trail_id`) REFERENCES `trails` (`trail_id`) ON DELETE CASCADE;
COMMIT;

/*!40101 SET CHARACTER_SET_CLIENT=@OLD_CHARACTER_SET_CLIENT */;
/*!40101 SET CHARACTER_SET_RESULTS=@OLD_CHARACTER_SET_RESULTS */;
/*!40101 SET COLLATION_CONNECTION=@OLD_COLLATION_CONNECTION */;
